IBM,Azure,Google,AWS
0.7484552929096082,0.9173464450288806,0.2500000279396779,-0.3924412306144597
0.9046230558087387,0.9252129455382707,0.3750000232830648,0.48738676625006994
-0.7568618977844951,-0.07569032469793457,-0.12499999534338702,0.8474640890903038
0.693849595717299,-0.07569032469793457,0.6250000512227427,0.1723338942695598
0.7969503375752687,-0.07569032469793457,0.2500000279396779,-0.22441096667629712
-0.5345856010538934,-0.07569032469793457,-0.25,0.814858092748634
0.9881426490192642,0.9361542601059105,-0.12499999534338702,0.5413003224438251
0.7266054622478937,0.6946805768474174,0.2500000279396779,-0.7368909383086703
0.811766519791445,0.8495369625648692,0.2500000279396779,-0.32762072214801596
0.8061414889812117,-0.07569032469793457,0.2500000279396779,-0.31178521125148284
0.8226683602243299,0.6596179028651794,0.3750000232830648,0.8415798433729329
0.8340201611676739,0.8626946549943129,0.5000000186264519,0.39848355926768475
0.9881426490192642,0.9361542601059105,-0.12499999534338702,0.6782390023126581
0.6393005369109213,0.5687393042713158,9.31322596819939e-09,0.8993627083723741
0.6065058625973736,0.8677328640617723,9.31322596819939e-09,-0.29218121542497477
0.6469739893456905,0.8462679538041431,0.2500000279396779,0.5376814471358722
0.4835072166743406,-0.07569032469793457,0.2500000279396779,0.12993257595887164
0.8977750554059767,-0.07569032469793457,0.2500000279396779,0.6571822183144158
0.5960644712649343,0.3750910085785488,0.2500000279396779,0.7610917496840994
0.9881426490192642,0.927243785414209,-0.12499999534338702,0.3026656146633848
0.6717375503058995,0.9229649125187112,0.5000000186264519,0.4635938721850241
0.7936674089092182,0.6875110066275572,0.12500001396983884,0.3580963219783917
0.6840868161570437,0.724851043102051,0.2500000279396779,0.9978215880436567
0.634278600024963,0.6361717673462193,0.2500000279396779,0.35321021551274634
0.4379091205631953,-0.07569032469793457,0.2500000279396779,0.9614827118079181
0.7525815042106445,-0.07569032469793457,0.12500001396983884,0.18881200759294448
0.5089210702137681,0.759905964800758,-0.12499999534338702,0.13462987302739027
0.5943789548539622,-0.6673956397281291,9.31322596819939e-09,0.19676699426865873
0.9881426490192642,0.9361542601059105,-0.12499999534338702,0.4118874858612269
0.4369357794123663,-0.9015443194819422,-0.25,-0.8968360346585926
0.45533801054522827,-0.07569032469793457,-0.12499999534338702,-0.9571988097476143
0.4066101191818481,0.6210526179784501,0.12500001396983884,0.47412029563648694
0.7776681137424653,0.890562047016308,0.5000000186264519,0.7602528060256031
0.8518077609272752,-0.07569032469793457,0.3750000232830648,-0.37661410744273416
0.9881426490192642,0.8820689035880811,-0.12499999534338702,0.007203044264804559
-0.04873103794037659,-0.07569032469793457,0.12500001396983884,0.9085306627616374
0.9948847146631536,0.9193625555661094,0.2500000279396779,0.6799682430468219
0.7959906315914231,0.833799568585422,9.31322596819939e-09,0.2154979820032792
0.8448076759696965,-0.07569032469793457,0.12500001396983884,0.5603921535230934
0.8864536713735962,-0.07569032469793457,0.2500000279396779,-0.35024926306776616
0.828273462713587,-0.07569032469793457,0.3750000232830648,-0.01672747695825827
0.6257849398531807,0.7031808265355515,-0.12499999534338702,0.3675296023563659
0.8628784676589574,0.9261872783735194,-0.12499999534338702,0.7268729136871859
0.9748116511453018,0.8706430712996898,0.12500001396983884,0.9281064142087021
0.5822583402645432,0.7339194059683554,-0.12499999534338702,0.0295113110394718
0.4923868569576588,0.46532629684398197,-0.12499999534338702,0.9422888586065397
0.4000358709777567,-0.07569032469793457,-0.12499999534338702,0.988479032036016
0.5093647375702344,-0.07569032469793457,0.2500000279396779,0.9583722353299429
0.9899487842150916,-0.07569032469793457,9.31322596819939e-09,0.8856768515185673
-0.4510869850233423,-0.07569032469793457,-0.375000004656613,0.8895439350095098
-0.5985827817209048,-0.07569032469793457,-0.375000004656613,0.6759553158511162
-0.9052135634250281,-0.07569032469793457,-0.12499999534338702,0.9350247465698149
0.8199644017255829,-0.07569032469793457,-0.12499999534338702,0.9915598947100872
0.812102154671041,0.7123305883789408,0.5000000186264519,0.9788665282321187
0.9853600260956121,-0.07569032469793457,9.31322596819939e-09,-0.23851004736026094
0.7789697477598994,-0.07569032469793457,-0.12499999534338702,0.6125560987938745
0.7714315981359678,-0.07569032469793457,-0.12499999534338702,0.9778112155092775
0.8847681549626238,-0.07569032469793457,0.12500001396983884,-0.08414903600435153
0.4389307092279664,-0.07569032469793457,9.31322596819939e-09,0.882480957190036
0.7920196514222004,-0.07569032469793457,0.2500000279396779,0.6867409028812295
0.9911402880376583,-0.07569032469793457,0.5000000186264519,-0.3187124448715736
-0.8961314933549538,-0.07569032469793457,9.31322596819939e-09,0.9089608332194643
0.8614174070737148,0.8769699682996221,0.2500000279396779,0.9670189525349333
0.9066053993163539,0.9179205016244265,0.3750000232830648,0.8688310477282486
0.8816173825304146,0.7388116136959597,0.5000000186264519,0.9226701414671081
0.8328695628460578,0.8737951497838095,0.6250000512227427,0.44854903273485025
0.9538795721074826,0.9176870286853875,0.5000000186264519,0.1913528034964478
0.7381880121709596,0.6055299622528405,0.3750000232830648,0.37086124088428596
0.6246416835445558,-0.07569032469793457,9.31322596819939e-09,0.444688625188139
0.493883578748858,0.6764995338939526,0.3750000232830648,0.5414600315712248
0.8735506079711186,0.5553148040836455,0.5000000186264519,0.3742950727123713
0.8780995094486463,-0.07569032469793457,0.5000000186264519,0.3621327005679378
0.6987026663044607,-0.07569032469793457,-0.25,0.4007407131303531
0.8641895414073801,0.8800653259092313,0.5000000186264519,-0.20591774526317275
-0.4563585503510006,0.7244374587756177,0.2500000279396779,0.8821832785485069
0.4749978236175776,-0.7204785613829052,0.2500000279396779,-0.08320652962122932
0.9146910533376267,0.9418134270842833,0.5000000186264519,0.511900491114125
0.7880214009190105,0.48074739765532315,0.6250000512227427,0.5055728942285223
0.7673830024008381,-0.07569032469793457,0.5000000186264519,0.6381538942943821
0.7147659418701366,0.5354332977374325,-0.12499999534338702,0.06245812289309227
0.9320779889597104,0.5963897615591396,0.750000009313226,0.04904015969885611
0.9101033440771455,-0.07569032469793457,-0.8750000419095167,0.6912723284122908
0.675373944454525,-0.07569032469793457,-0.12499999534338702,0.9903346021764168
0.7479014953582743,-0.07569032469793457,-0.12499999534338702,0.9146764685504603
0.9208992497511583,0.6237883988368991,0.750000009313226,0.7774632190778286
0.881642555146384,-0.07569032469793457,-0.12499999534338702,0.9838522603270756
0.9395081061067718,-0.07569032469793457,-0.25,0.7084319015815161
0.6702964180416335,0.5358981763399027,0.3750000232830648,0.3864784997578461
0.893758974299808,0.46032219782406414,0.6250000512227427,-0.11187080883900369
0.6303327924717097,-0.07569032469793457,-0.12499999534338702,0.7737839179156685
0.8253670744280837,0.6011411361359129,0.3750000232830648,0.4157756242532078
0.746171926869355,0.8040690444212322,0.6250000512227427,0.8687889379261715
0.9774369452191434,0.9104196504882984,9.31322596819939e-09,0.7655038641092711
-0.04873103794037659,0.48911805500374395,-0.12499999534338702,0.9260276278816704
-0.5209105774283446,-0.07569032469793457,-0.375000004656613,0.9814499474718728
0.9164384524295246,0.8714524097004344,9.31322596819939e-09,-0.3253000612261131
0.5253094920690526,-0.07569032469793457,-0.25,-0.6169572578233851
0.8602626133161042,0.8141906842100848,0.12500001396983884,0.9066287033677269
0.8594738713490528,-0.07569032469793457,0.12500001396983884,-0.31395660490747923
0.7302607358584963,-0.07569032469793457,0.2500000279396779,0.6004235116313972
0.9881426490192642,0.9406565279718551,-0.12499999534338702,0.609877162198184
0.31101396345985033,0.773927390820393,-0.12499999534338702,-0.0030969106169390637
0.6427177195288107,-0.07569032469793457,9.31322596819939e-09,-0.34218831717462483
0.9580907409874169,0.808538881901067,0.6250000512227427,0.9977394225761855
0.9253705356627793,0.6431776351788294,0.2500000279396779,0.6992743890537432
-0.5354404211378652,-0.07569032469793457,-0.12499999534338702,0.8930522292924932
0.7982603624646927,0.4971582066642508,0.12500001396983884,0.33913099148341863
0.8752497595490745,0.8899396678534124,0.3750000232830648,0.001438280831381089
0.9881426490192642,0.9339427920236758,-0.12499999534338702,0.5842911779836242
0.8600475972213626,0.926739240961,0.2500000279396779,0.9108355753022757
0.9759800800698959,0.5445242714307039,-0.12499999534338702,0.9501178582321295
0.8504778077168751,0.7819215455986099,0.5000000186264519,0.5096957177369688
0.8229809202059541,0.4108535845590022,0.2500000279396779,-0.24921261303261655
0.7029715224293251,-0.07569032469793457,-0.12499999534338702,0.26283898551153073
0.6828806283084947,-0.07569032469793457,0.3750000232830648,-0.35161320982779465
0.9881426490192642,0.9361542601059105,-0.12499999534338702,0.6123316843608413
0.18428977037329952,-0.07569032469793457,-0.12499999534338702,0.9790935103360086
0.8198018285807787,-0.07569032469793457,9.31322596819939e-09,0.037039550818505296
0.6713358373093832,0.8848723877227092,0.12500001396983884,0.4508448728384524
0.7868173107884588,0.6236338699851616,0.2500000279396779,-0.13882296512833592
0.5688843391716321,-0.07569032469793457,0.12500001396983884,0.9035921758104766
0.7473151831779798,0.6214567703599205,0.6250000512227427,-0.1754648265253751
0.5354037110729095,-0.07569032469793457,0.12500001396983884,0.44650157199228935
0.9881426490192642,0.9361542601059105,-0.12499999534338702,0.6806175214179053
0.7481427329279844,-0.07569032469793457,9.31322596819939e-09,-0.8667054442025666
-0.723578455177535,-0.07569032469793457,0.2500000279396779,0.4364347616244961
0.7299576156078609,0.5863461614245089,0.6250000512227427,-0.663189455465911
0.7828494771962322,-0.07569032469793457,0.12500001396983884,0.9963857464995893
0.8484430212593232,-0.07569032469793457,9.31322596819939e-09,0.5376444726755083
0.756024908303502,-0.07569032469793457,0.2500000279396779,0.35492764496095974
0.6841738714539387,-0.07569032469793457,0.2500000279396779,0.06747415350417851
0.827251874048816,-0.07569032469793457,0.3750000232830648,0.3812306940572665
0.9881426490192642,0.9361542601059105,-0.12499999534338702,0.5973156028242814
0.9004685253147364,0.5123117244890112,9.31322596819939e-09,0.47860789958489547
0.7721626528580885,0.6242390649195613,0.12500001396983884,0.5363892239818215
-0.693893647795246,-0.6550567822467547,0.12500001396983884,0.4972002330931604
0.8700621029413154,-0.07569032469793457,0.12500001396983884,0.8755126408362097
0.9148473333284386,0.699672143008959,9.31322596819939e-09,0.8197787771818446
0.6740125254741631,0.8955757071859165,-0.12499999534338702,0.9446541970013789
-0.04873103794037659,-0.07569032469793457,-0.12499999534338702,0.9514633177619762
0.6035260541819583,0.8962772888455635,0.12500001396983884,-0.29652930925674104
-0.6313533322774818,-0.07569032469793457,-0.25,0.4973924660514304
0.27325084406927913,0.7445787958248782,-0.12499999534338702,-0.6514600782172464
0.5850430609061932,0.6534972166072017,0.2500000279396779,-0.5739285719329358
0.8633064021304424,0.5497077066096618,0.3750000232830648,0.7100584354813411
-0.7395567731643131,-0.07569032469793457,-0.12499999534338702,0.9508895289141328
0.5742733767071491,0.7575075374806763,0.2500000279396779,-0.4685109618790335
0.25473218958755717,-0.07569032469793457,-0.25,0.09223608655121973
0.7561717485633255,0.612330006957676,9.31322596819939e-09,0.5404440898015492
0.5090039300746683,-0.07569032469793457,0.2500000279396779,0.8303678518022521
0.7451178235756235,-0.07569032469793457,0.5000000186264519,0.031066121333315877
0.5852612235779309,0.7228557345256357,-0.12499999534338702,-0.1052006846608774
0.6137157193547,-0.07569032469793457,0.12500001396983884,-0.3924200045353632
-0.04873103794037659,-0.07569032469793457,-0.12499999534338702,0.9160522265964395
0.9199248597413305,0.9544338862649582,-0.25,0.5257897074999205
0.6915012004191243,0.7263596374773829,0.12500001396983884,-0.44571115731302147
-0.637711515527833,-0.07569032469793457,9.31322596819939e-09,0.09613723447555067
0.801301004702035,0.769232866322854,-0.12499999534338702,0.29539910613386144
0.4071376952582133,-0.07569032469793457,-0.12499999534338702,-0.056351944824520106
0.3799837846398797,-0.07569032469793457,-0.12499999534338702,0.8279819720405448
-0.04873103794037659,-0.07569032469793457,-0.12499999534338702,0.879519063265739
0.7203301388584429,-0.07569032469793457,0.12500001396983884,0.1310397556330516
0.5920683184797417,-0.07569032469793457,9.31322596819939e-09,0.5188121475310064
0.7036920885614584,0.5000547182012642,0.12500001396983884,-0.7331087591341164
0.8534974727742426,0.8584887827687409,0.3750000232830648,-0.372342359024494
-0.04873103794037659,-0.07569032469793457,-0.12499999534338702,0.13828503808347858
0.8486381090330883,0.5816911735729826,9.31322596819939e-09,-0.2898494279293531
0.6874683375689759,0.9018336088624119,9.31322596819939e-09,0.6128282719048748
0.40565355977499884,-0.07569032469793457,-0.25,-0.17882984477445474
0.7165227806930232,0.9451820526883963,0.12500001396983884,0.7800058979399598
0.5617657331471959,-0.07569032469793457,-0.12499999534338702,-0.5101144192649609
0.8383750237304348,-0.07569032469793457,0.2500000279396779,0.11769300251062509
0.8648723486155585,-0.07569032469793457,0.2500000279396779,-0.22359735737027175
-0.6762465951414753,-0.7798653815964667,-0.375000004656613,-0.5157707413991279
0.4549625190236801,-0.7358789248357971,-0.12499999534338702,0.05838802222627093
0.5464419031756302,0.43746949960947945,-0.5000000186264519,-0.2457602939743493
0.7862603666601287,-0.07569032469793457,0.2500000279396779,-0.116775744890947
0.4425220024396459,-0.07569032469793457,9.31322596819939e-09,-0.10136235908354918
-0.04873103794037659,-0.07569032469793457,-0.12499999534338702,0.9321356033198427
0.6216608262701422,0.4904449875349737,-0.12499999534338702,-0.15121831060866198
0.7715721452417987,0.862385984905014,0.2500000279396779,-0.0403990057807283
-0.33901010785417085,-0.701750530223893,0.12500001396983884,-0.5651982342469868
0.5415185590355533,-0.07569032469793457,-0.12499999534338702,0.2737966064891617
-0.7014118690982014,-0.769776236796086,9.31322596819939e-09,0.6130922284691258
0.9166723479862433,0.9422917429782076,0.6250000512227427,0.1909277683803401
0.5110817197511688,-0.8521068445557342,0.3750000232830648,-0.31637963030760785
0.7267239833147512,0.7217605952720132,0.12500001396983884,0.37199495315733655
-0.04873103794037659,-0.07569032469793457,-0.12499999534338702,0.9686417205174991
0.7178548316214206,0.6821390617540461,0.12500001396983884,-0.025868727570592998
0.5957267386673408,0.8399000989062184,-0.12499999534338702,-0.6776624746159001
0.8137121532341043,0.6258545116029091,0.12500001396983884,0.5569735565421017
0.5080452729498217,0.4733238109450626,0.2500000279396779,0.7744823243891785
0.5706569108794997,-0.07569032469793457,9.31322596819939e-09,-0.10157616047703433
0.7958647685115747,0.8652867601979688,0.6250000512227427,0.463943931312063
-0.04873103794037659,-0.07569032469793457,-0.12499999534338702,0.9500728384030772
0.8158612653225188,-0.07569032469793457,9.31322596819939e-09,-0.36803500557035007
0.7173765519179962,-0.07569032469793457,0.12500001396983884,-0.26988116519705396
0.8233952195104557,0.7933595231311998,0.3750000232830648,-0.3453148843899798
0.8655939636066905,0.8778767270634156,0.2500000279396779,-0.3909646486927727
0.9503333798327489,0.8419649196249723,-0.12499999534338702,-0.5650057445216286
0.7245350145843843,0.9738655017568632,0.12500001396983884,-0.38567747203902747
0.9112119880388121,0.9818309730860117,0.3750000232830648,0.9867069967875435
0.9776960133918315,0.8922608307476243,-0.12499999534338702,-0.37869015492085134
0.6534999900358394,0.7874394918119734,0.12500001396983884,0.63916230422954
0.6786463845305883,0.6037921586944133,9.31322596819939e-09,0.9089396071403648
0.5840823060633491,-0.07569032469793457,0.5000000186264519,-0.637475772420657
0.35394166456020826,0.8394481407763024,9.31322596819939e-09,-0.7167707550505777
0.8627148456551541,0.9482871006524198,9.31322596819939e-09,0.18806755422204047
0.7459862788265785,-0.07569032469793457,-0.25,0.6248490797959778
-0.6702754408616587,-0.5978183782093661,0.2500000279396779,-0.2719027780529699
-0.39495519798786893,-0.07569032469793457,-0.25,-0.6106118584198291
0.41115272750538323,0.4930859321248813,0.12500001396983884,-0.4832345001157804
0.530128999168255,0.514771782463173,0.5000000186264519,-0.3378635035586435
0.6974209606080026,-0.07569032469793457,-0.12499999534338702,0.27557377707935027
0.8660638524381252,0.40917883290663415,0.5000000186264519,0.0018823167118415807
0.7287220597073474,0.9054906194139165,0.5000000186264519,-0.3471321106455596
0.6911938847324939,0.7067936490709217,9.31322596819939e-09,0.5600937901693381
0.6666421932900295,0.44718595337905964,0.3750000232830648,-0.18704741858996232
0.4884714663153691,-0.07569032469793457,9.31322596819939e-09,0.7616220593054055
0.533618553057057,0.7056873982109024,0.5000000186264519,0.024944794006677595
0.5033778504054365,0.3211348567862524,-0.12499999534338702,0.15421846282874707
0.8084112198544813,0.5350534358443628,9.31322596819939e-09,-0.022272447766193637
0.6231743298053214,-0.7475371318230597,0.2500000279396779,0.9021873174947677
-0.372285159589141,-0.07569032469793457,0.6250000512227427,-0.06125944854732279
0.7016688395528923,-0.07569032469793457,0.2500000279396779,0.1469961182379893
0.28959101841062185,-0.8220793433299036,0.2500000279396779,-0.4250431186827549
0.5889353766505108,0.8783439313509456,0.3750000232830648,0.42165850054612153
-0.37214461248331,-0.07569032469793457,-0.25,0.893804214497915
0.8211527589711531,0.4306774655976269,0.5000000186264519,-0.12108344070120347
0.45067373457783955,-0.07569032469793457,9.31322596819939e-09,0.923221677167511
0.7727510627563805,-0.07569032469793457,0.2500000279396779,-0.06941283059136749
0.8443472268692505,0.8196280066747172,0.750000009313226,0.9646929850932566
0.5267852366802774,-0.07569032469793457,-0.12499999534338702,0.3086191874939348
0.7246734639722179,0.5646236169441661,-0.5000000186264519,0.9035574266648596
0.9843615123288132,0.9206956899241643,0.2500000279396779,0.032621102805217905
0.915418961482751,0.9526133916821877,0.2500000279396779,0.1739054800130131
0.75341639597364,-0.07569032469793457,-0.5000000186264519,0.5928341612859338
0.9328100925408294,-0.07569032469793457,0.750000009313226,-0.09806529852319124
0.2562530351357275,-0.07569032469793457,-0.25,0.4171198855366549
0.387246084347143,0.6131039432636212,-0.25,0.6961687055613714
-0.04873103794037659,0.746518933983493,-0.12499999534338702,-0.2609665543324933
0.7419607579894212,-0.07569032469793457,-0.12499999534338702,-0.14475719483841765
0.477480472867591,0.4722189813370252,-0.12499999534338702,-0.054491581698515756
0.7665879672797948,-0.07569032469793457,0.3750000232830648,0.9332287463933315
0.8250010226375237,0.75119640345726,-0.25,-0.06757403590057542
0.7223544367260077,0.6829720446195615,-0.25,-0.592255408274432
0.8678878182369312,0.5302680804247739,0.6250000512227427,0.17469358378851219
0.9674486609741593,0.8593662120598404,0.750000009313226,0.7003930376577578
0.839180547441466,0.9214484366551223,9.31322596819939e-09,0.018946201347075142
0.8046972101399492,0.8379767573619259,0.5000000186264519,0.47605426532710005
0.3162991639544923,0.4524868356535281,-0.25,0.8459222883288096
0.9852708730807191,0.8871637043253231,9.31322596819939e-09,0.6506130891900583
0.4068377215845742,-0.07569032469793457,-0.25,-0.08051287171261856
0.93165424992422,0.7995179371690344,0.3750000232830648,-0.142919256037912
0.985972559750875,0.6674270364764328,0.6250000512227427,0.7291759432691931
0.9460204716299374,-0.07569032469793457,9.31322596819939e-09,-0.3878594787345718
0.7404745247882092,-0.07569032469793457,-0.12499999534338702,0.9597082800666439
-0.42826171549280123,-0.07569032469793457,-0.25,0.053737970301548144
-0.6679574624744471,-0.07569032469793457,-0.12499999534338702,0.9220568104880444
0.2825573699650836,-0.07569032469793457,-0.5000000186264519,0.9600805923411235
-0.37204392201943115,-0.07569032469793457,-0.375000004656613,0.9796524066928711
-0.31322600708818915,-0.07569032469793457,-0.12499999534338702,0.8764316958254914
-0.4141283404848035,0.6275834000352734,-0.12499999534338702,-0.49541399006593856
-0.4163498238441311,-0.07569032469793457,-0.12499999534338702,0.9956139046395285
0.5754439033497409,-0.07569032469793457,-0.12499999534338702,0.9596327905434043
0.474699947661936,-0.07569032469793457,-0.12499999534338702,0.933869808217668
-0.5275571969033486,-0.07569032469793457,0.12500001396983884,0.9039596950993556
0.7225411336277832,-0.07569032469793457,9.31322596819939e-09,0.9754453635802676
0.9889722964872663,0.8334181562356466,0.750000009313226,0.01060127105698605
-0.04873103794037659,0.546941304231261,-0.12499999534338702,0.6698747289021005
0.2086463740419986,-0.07569032469793457,-0.12499999534338702,0.9479930250077011
0.35226873445722084,0.7544543006115916,-0.12499999534338702,-0.6709321813506581
0.5961955786397768,-0.07569032469793457,-0.12499999534338702,0.3728508434434996
0.601876198976943,0.6828378009097313,0.5000000186264519,-0.20896334525745597
-0.34935919959472084,-0.07569032469793457,-0.375000004656613,0.6752567381995511
-0.37574534542597826,-0.49852538646748534,-0.375000004656613,0.055334205685241056
0.5114676998627046,-0.07569032469793457,0.12500001396983884,0.34103141027481665
0.794701583881974,-0.07569032469793457,0.2500000279396779,0.7372740348007534
-0.04873103794037659,-0.07569032469793457,-0.12499999534338702,0.9439385015440891
0.9234752474520591,-0.07569032469793457,-0.12499999534338702,0.8987652969526325
0.5722553719935768,0.8220546006249649,-0.12499999534338702,-0.2945237871382054
0.7483105503677825,0.8840509040777662,-0.25,0.20017258171730035
0.9361737833497832,-0.07569032469793457,-0.375000004656613,0.7945171753857423
-0.04873103794037659,-0.07569032469793457,-0.12499999534338702,0.8535364594925732
0.49276025076120966,0.5735607078093279,0.5000000186264519,0.11539271177753263
0.7400235154187518,0.71688712222961,-0.12499999534338702,-0.4996052847972806
0.8410590539082061,0.8235874854886955,-0.25,0.06009209978602148
0.6111260864868153,0.771968776386029,0.12500001396983884,0.06480137931854868
0.4233960585976546,0.49915183557923415,0.3750000232830648,-0.09951996965355625
0.439261099812569,-0.07569032469793457,-0.375000004656613,-0.28394823558431537
0.7918780554573706,0.4014079438941398,0.3750000232830648,-0.4462925635844104
-0.04873103794037659,-0.07569032469793457,-0.12499999534338702,0.9045494035065214
0.9881426490192642,0.9106531234273372,-0.12499999534338702,0.016835233545283046
0.9881426490192642,0.5585776110175467,-0.25,0.03602189726825933
0.7613950663770417,0.9007061684274054,0.2500000279396779,0.3363971067313587
0.9373055022094214,0.9988040810604608,0.2500000279396779,0.6579044185378793
0.6952194055696512,0.7105248231348826,0.2500000279396779,0.9476979140370314
0.7817135629005987,0.9005963444107021,9.31322596819939e-09,0.6875445838599352
0.4638148889730307,-0.07569032469793457,-0.12499999534338702,0.48691431481210823
0.9745756578705858,-0.07569032469793457,0.750000009313226,0.20187374925007862
0.8602332452641397,0.9546682636370749,0.6250000512227427,0.9154181830724499
0.8026299090534363,-0.07569032469793457,9.31322596819939e-09,0.22560895630983802
0.9178449723468325,-0.07569032469793457,0.2500000279396779,-0.24062478107931518
0.6749009090460942,-0.07569032469793457,0.12500001396983884,0.6374392259054364
0.6416206130161304,-0.07569032469793457,-0.12499999534338702,0.8432693707978185
0.5264590415316699,-0.07569032469793457,9.31322596819939e-09,0.5878516815740622
0.9645433215476542,-0.07569032469793457,9.31322596819939e-09,0.08098660698600724
0.42580109228176144,-0.07569032469793457,0.5000000186264519,0.9904265247931494
0.8880678653726546,-0.07569032469793457,0.12500001396983884,0.38295497062776906
0.9750413512660254,0.9613644277425824,0.2500000279396779,0.46638321862762955
0.8642325446263284,-0.07569032469793457,9.31322596819939e-09,0.9918652763641893
0.33381091379742567,-0.07569032469793457,0.3750000232830648,0.4404745637751881
0.7619520105053719,0.7975416216872726,9.31322596819939e-09,0.017195905711872683
0.8629697183918474,0.608629454413667,0.3750000232830648,0.058773515211158145
0.9280293932245809,0.8503364814064711,0.6250000512227427,0.29918419533538776
0.9488093877075825,-0.07569032469793457,-0.12499999534338702,0.9032390354784048
0.7663519740050786,0.8731571368491242,0.2500000279396779,0.5514301263366785
0.7696779058900776,-0.07569032469793457,9.31322596819939e-09,0.2026750337359855
0.8936803098749027,-0.07569032469793457,0.6250000512227427,0.8949059164742661
0.8434556967203228,0.4980351191364485,0.12500001396983884,0.3792758406436698
0.935601106336472,0.9863642500860841,0.5000000186264519,0.9948307650276873
0.823237890660645,0.8730586828482672,0.2500000279396779,-0.36751342602996107
-0.04873103794037659,-0.07569032469793457,9.31322596819939e-09,0.98582765510754
0.7159952046166578,0.8535388205288219,0.2500000279396779,0.34337244138552925
1.0,-0.07569032469793457,0.6250000512227427,0.8983483072052136
0.9108774020182147,0.635481038883517,0.750000009313226,0.29078072214972583
0.762472244568746,-0.07569032469793457,0.2500000279396779,0.44405406812997894
0.8351906878102657,-0.07569032469793457,9.31322596819939e-09,0.17694012461163222
0.87296744236782,-0.07569032469793457,0.2500000279396779,0.7088637838199161
0.7009786903317226,-0.07569032469793457,0.12500001396983884,0.9386319817698783
0.5973377860894027,-0.07569032469793457,0.5000000186264519,0.04200422801242354
0.7250814701227268,0.45115163401986336,-0.12499999534338702,-0.6969366103261216
0.5410455236271223,-0.07569032469793457,9.31322596819939e-09,-0.6424997628114046
0.9668550067808734,0.9748841518129698,0.12500001396983884,0.6708985448624074
0.7716445165127117,0.5659909905544884,0.12500001396983884,-0.07392285886527739
0.35630893932036023,-0.07569032469793457,-0.25,0.9897519120695955
0.8537355637669561,0.6090469148818658,9.31322596819939e-09,-0.19499281929447287
0.6036624058517941,-0.07569032469793457,0.12500001396983884,0.9096027509340843
0.8645975475578891,-0.07569032469793457,-0.12499999534338702,0.7437776027291936
0.8663984384587229,-0.07569032469793457,-0.375000004656613,-0.11241361445848608
0.7369209905004841,-0.07569032469793457,0.2500000279396779,0.8149914404552181
0.5550656218632561,0.6442986153775587,0.2500000279396779,0.4716568722148513
0.8406342660137169,0.6794769275891515,0.3750000232830648,0.6316138654397516
0.7994497685692621,0.7682372147078922,0.12500001396983884,0.9053085781903483
0.3939713682470525,-0.07569032469793457,9.31322596819939e-09,-0.029236484668587415
0.8206367203437741,-0.07569032469793457,0.2500000279396779,0.1929418494017383
0.7888489506690146,-0.07569032469793457,9.31322596819939e-09,0.8923492010114376
0.9768191672688866,0.7980929382511255,0.2500000279396779,-0.06329047619638783
0.7742173676366164,0.4201188554270181,0.2500000279396779,0.4977074336767393
0.9807502907961576,0.9626338641709498,0.12500001396983884,0.8947152241185083
0.48839489960846083,0.7650835857670668,-0.12499999534338702,0.5947922670826158
0.8238451800209141,0.8042700869741615,0.5000000186264519,0.013629753245545162
0.8106778041507547,0.6382165613325139,-0.12499999534338702,0.6018971835261142
0.9188707564475984,0.920690004916241,0.2500000279396779,0.9168906567207651
0.9086989218778354,0.9432517340889244,0.12500001396983884,0.776223547587348
0.8782778154784319,-0.07569032469793457,0.12500001396983884,0.8487934578827703
0.8414880372386899,-0.07569032469793457,0.3750000232830648,0.858902549230701
0.976456262055323,-0.07569032469793457,0.8750000419095167,0.9563656861430629
0.7179618152392919,-0.07569032469793457,0.2500000279396779,0.9454636980340323
0.4460514129704001,-0.07569032469793457,0.12500001396983884,1.0
0.8957371223714281,0.4510454277354754,0.3750000232830648,0.9462110614319088
0.8055352484799412,0.42614367177865264,0.5000000186264519,0.535518954738851
0.8751501179441943,-0.07569032469793457,0.5000000186264519,0.7776044409750431
0.8237602224420166,0.6613063502184533,0.3750000232830648,0.6451810958998943
0.9987633952404875,-0.07569032469793457,0.750000009313226,0.9329959442354936
0.5172280334837747,-0.07569032469793457,0.2500000279396779,0.8875913069106571
0.8875843413742361,-0.07569032469793457,0.6250000512227427,0.8246393781169641
0.6261740665417126,-0.07569032469793457,0.2500000279396779,0.6176032838113772
0.9284143244771175,-0.07569032469793457,0.750000009313226,0.7236343960224041
0.9305875603225031,0.40880349317896014,0.6250000512227427,0.2536049563921736
0.6650877842538996,0.4494996223991905,-0.12499999534338702,0.3539491911858186
-0.9269994136878197,-0.07569032469793457,-0.25,0.8640760636544433
0.9105543534466032,0.7133797307502734,0.6250000512227427,-0.1944948623259819
0.7701362572725261,0.6415509476843615,9.31322596819939e-09,-0.3616271261759044
0.9147046885046102,-0.07569032469793457,0.2500000279396779,0.6085202337384996
0.5338283248568045,0.5503461071585232,0.2500000279396779,0.5928855147031018
0.8078175656611954,0.9289808137442825,0.2500000279396779,0.7340293547259105
0.8139449999318242,0.9218686104225584,0.3750000232830648,0.764288671080978
0.9779162737815668,-0.5488875796143367,-0.25,-0.1932502266718461
0.5170214082610232,0.4540122266431774,-0.25,0.9777393207252418
0.8997091513996498,-0.649314342822775,9.31322596819939e-09,-0.5186787998244249
0.41751615505072803,0.5924558652808178,0.3750000232830648,0.6777306034826769
0.9971429080874372,-0.07569032469793457,-0.12499999534338702,0.8672984905818453
0.835260961363181,-0.07569032469793457,0.5000000186264519,0.9265389367386239
0.5669429011649676,-0.07569032469793457,-0.12499999534338702,0.9279465339032476
0.791184759659205,-0.07569032469793457,9.31322596819939e-09,0.9766451505834091
-0.47445975895122494,-0.07569032469793457,-0.12499999534338702,0.971194670063066
0.7224152705479345,-0.07569032469793457,-0.12499999534338702,-0.2586090901282877
0.7499341840978291,-0.07569032469793457,-0.25,0.9872617848710341
0.9850076094720359,-0.07569032469793457,0.12500001396983884,0.9575481841624245
-0.8630840440227099,-0.7389965056581993,-1.0,0.8986971680858531
0.6235907268278205,-0.07569032469793457,0.2500000279396779,-0.04680414632625629
0.4564886088668443,0.44019985386945715,-0.12499999534338702,0.9911252736227727
0.9469434675488271,-0.07569032469793457,9.31322596819939e-09,0.930660733178726
0.9052764949649523,-0.07569032469793457,0.2500000279396779,0.9606689313238319
-0.6814709618141903,-0.07569032469793457,9.31322596819939e-09,0.978350084033446
0.663049851219351,-0.5850165801964053,0.2500000279396779,0.9435735499260693
-0.654142940602066,-0.07569032469793457,0.2500000279396779,0.8797734338587857
0.8155875131238484,-0.07569032469793457,0.12500001396983884,0.88233477112916
0.647651552258875,0.39491062586123027,0.12500001396983884,0.8938269811795267
-0.5043858039032239,-0.07569032469793457,-0.5000000186264519,0.3060385071030953
0.6502736997557208,-0.07569032469793457,0.12500001396983884,0.9576062135238266
0.8223673376916922,-0.07569032469793457,0.6250000512227427,0.9847428997588559
-0.752775543125411,-0.07569032469793457,-0.12499999534338702,0.8846657027344951
0.82578556916858,-0.07569032469793457,9.31322596819939e-09,0.9962354521653387
0.9538197871445546,-0.07569032469793457,-0.12499999534338702,0.9696484186720842
0.5259041951213372,-0.07569032469793457,-0.12499999534338702,0.9758048375004551
0.5849769827892726,-0.07569032469793457,-0.12499999534338702,0.8742044981228398
0.9941022658500951,-0.07569032469793457,0.12500001396983884,0.9969078395741491
0.661063312275741,-0.07569032469793457,0.2500000279396779,0.801049672405852
0.8080011159859748,-0.07569032469793457,0.2500000279396779,0.9363340875295871
0.918199486688406,-0.07569032469793457,9.31322596819939e-09,0.7340877264434258
0.760616812999978,0.4943004565448983,0.2500000279396779,0.9911887806820068
-0.9395269855687491,-0.07569032469793457,-0.12499999534338702,0.9516589742813952
-0.6123050040013971,-0.07569032469793457,-0.25,0.9613972939573587
0.9519968702047477,0.940089706840938,9.31322596819939e-09,0.9123143825387066
-0.5032331078636106,-0.7544253587530714,-0.12499999534338702,0.6996508096015972
0.4648616502537717,0.540026008911251,9.31322596819939e-09,-0.03155902854912074
0.4514131801719501,-0.07569032469793457,-0.375000004656613,0.030703052673927145
0.7613279394011225,0.8517134161664843,9.31322596819939e-09,0.9116151201749125
0.3828157039364728,-0.07569032469793457,0.12500001396983884,0.051521385638441775
0.3597418548232305,0.41814641608702185,9.31322596819939e-09,-0.4091203069770344
0.7636721392633026,0.7998592960538948,9.31322596819939e-09,0.5909462384927147
0.7479812086421784,-0.07569032469793457,0.3750000232830648,0.24242069566676827
0.6082438219582826,0.4790293624199009,-0.12499999534338702,0.8090263986948334
0.9504980506955509,0.9152709003179083,0.5000000186264519,0.9260822336819265
0.7622026878060704,-0.07569032469793457,-0.12499999534338702,-0.3434487012100279
0.3566791865469148,-0.07569032469793457,-0.12499999534338702,0.3996776973949392
0.28214621723757816,-0.07569032469793457,0.2500000279396779,-0.48984907701433644
0.6678221596636098,0.514003918779327,9.31322596819939e-09,-0.04296684781727289
0.5633138490293335,-0.07569032469793457,-0.12499999534338702,0.5907077874589901
0.5556949372624993,0.5541027345534146,0.12500001396983884,-0.6971194284912458
0.7972566044029001,0.5333244182072725,-0.12499999534338702,0.987824104789043
0.9691656431550939,-0.07569032469793457,0.12500001396983884,0.9013891142138934
0.8720685702059014,-0.07569032469793457,0.3750000232830648,-0.055904827739029495
0.8425159190574536,-0.07569032469793457,9.31322596819939e-09,-0.2984954604221145
0.9771474601354917,0.8627354836875816,0.5000000186264519,-0.40338960797699974
0.7125874617297574,0.5143253801364542,0.2500000279396779,0.24366841252593718
0.9143963239589814,0.8650908858340587,0.5000000186264519,0.9490348146640184
0.5186481885680663,-0.07569032469793457,0.2500000279396779,-0.678707345477248
0.9868840182207785,0.5893300153559826,1.0,0.7541713631863007
0.8163647176419131,-0.07569032469793457,0.12500001396983884,0.7160397391571638
0.7902649103173114,-0.07569032469793457,9.31322596819939e-09,-0.2806771940886573
0.8542222343423707,-0.07569032469793457,-0.12499999534338702,0.6935077426616918
0.5085078197682651,0.7373322195886003,-0.12499999534338702,-0.3933707274652347
0.9024949209002984,0.7193115196995221,0.2500000279396779,0.3957132135894319
0.7752022462364316,-0.07569032469793457,-0.12499999534338702,-0.18855618198641277
-0.04873103794037659,-0.07569032469793457,-0.12499999534338702,0.9939784694807281
0.7648258841619144,-0.07569032469793457,-0.12499999534338702,0.6619467883594279
0.8563073660318623,-0.07569032469793457,0.8750000419095167,0.2509386869727197
0.5161540018690669,-0.07569032469793457,-0.12499999534338702,-0.6794114008266452
0.457783949730286,-0.07569032469793457,0.2500000279396779,0.10127445915115807
0.36793134588537857,-0.07569032469793457,-0.12499999534338702,0.06317056596729387
0.6630131411543951,-0.07569032469793457,-0.12499999534338702,-0.0266513536482601
-0.8554315687679158,-0.6339469911772566,0.5000000186264519,0.06644674280466845
0.4570875073551237,-0.07569032469793457,-0.12499999534338702,-0.3370435606644996
0.9949707211010501,0.9090220429721996,0.750000009313226,0.12030107139062185
0.5662496053668016,0.8833935104342514,0.2500000279396779,0.16230594132075882
0.902148797430715,0.9185180734800213,0.3750000232830648,0.8899912232730582
0.697559409995836,-0.07569032469793457,-0.375000004656613,0.5908291527015657
0.6350421693760442,0.5979287190449714,0.3750000232830648,-0.3988467135161037
0.7712973441841293,0.7469773523496861,0.5000000186264519,0.16922512957215785
0.5895353239977892,-0.07569032469793457,0.12500001396983884,0.7680511647789505
0.5717099653142328,-0.07569032469793457,0.2500000279396779,0.9871506903118907
0.38211191954831936,-0.07569032469793457,0.12500001396983884,0.26683154251842356
0.9895942698735183,0.9205644179230217,0.6250000512227427,0.6699728139288943
0.5031806649136736,-0.07569032469793457,0.12500001396983884,0.8472833250618657
-0.680113738269823,0.5891137266454394,0.2500000279396779,0.7187316852852044
0.5525598977152704,0.894789367226319,0.12500001396983884,0.7074366723567662
0.7199504519008997,-0.07569032469793457,0.3750000232830648,0.8436928653114111
-0.04873103794037659,-0.07569032469793457,-0.12499999534338702,0.6487484466126217
-0.39470661840516796,-0.5901363820480378,0.12500001396983884,-0.18742846094536214
-0.6995323137724625,-1.0,-0.12499999534338702,-0.21918746825984392
0.5795250137138315,0.8559791101799761,-0.25,0.5094257699407123
0.7189655733010847,0.4666310061624208,0.5000000186264519,-0.05441181272384632
0.5405546576157128,0.7594112399066899,0.12500001396983884,0.11969920934138978
0.6599829875070407,0.8010655513714768,0.2500000279396779,0.7198518744917344
-0.3901640100816326,0.8825597523403841,-0.12499999534338702,0.925272561471215
0.6129741760425922,0.46821014631789093,0.750000009313226,-0.4097252502312938
0.7967143443005527,0.7401473321485266,0.3750000232830648,0.7478615688186483
-0.4244092563904357,0.8955547760203793,-0.12499999534338702,0.4933738899798379
0.753477229795567,0.7706977895009535,-0.25,0.898210680047197
0.8159011219644707,0.9817503493372786,0.5000000186264519,0.9189584876521331
0.7537352491092566,0.8584195290358563,0.3750000232830648,-0.10184884712220532
0.6829981005163532,0.6961694028997418,0.12500001396983884,0.8826654871357331
-0.4342622378245825,-0.07569032469793457,-0.12499999534338702,-0.4479900507889599
-1.0,-0.6982762151542943,9.31322596819939e-09,0.36146527732278844
0.8608604629453851,-0.07569032469793457,0.2500000279396779,0.13209900545120634
0.9381382962544196,0.938725434144029,0.8750000419095167,0.8644600160368157
0.5950093191122039,-0.07569032469793457,9.31322596819939e-09,0.4599981059147955
0.9471815585415406,0.5691084421721648,0.750000009313226,0.2555517644370815
0.3567148477528721,-0.07569032469793457,0.2500000279396779,0.1448623837545855
0.44779461662630315,0.7368660489388741,0.3750000232830648,0.11847614212246338
0.5226380481992665,0.8784808883600115,0.2500000279396779,0.5862537344097964
-0.5534157666582408,-0.07569032469793457,-0.12499999534338702,0.5436952746425683
0.6745159777935572,0.7879816348403135,0.12500001396983884,0.7883960192371591
-0.383475436246679,0.6908479770739142,-0.12499999534338702,-0.24933740183633823
0.6122305350124868,0.8375709253190236,0.3750000232830648,0.2128926519722001
0.6454237757455552,0.4738530335008482,0.12500001396983884,0.33445954230154173
0.5634837641871289,-0.5396493771363188,0.12500001396983884,0.6856489580541432
-0.4236719085143227,-0.07569032469793457,9.31322596819939e-09,0.10041548765996455
0.6070040706217741,0.8888940140096693,-0.12499999534338702,0.14287877242737457
0.7395106233683686,0.8390850754975525,0.3750000232830648,0.8115779788159427
0.6214762270863641,0.5209843332810065,0.2500000279396779,-0.7670478045964814
0.6885937632746217,0.822009378971027,-0.625000013969839,0.3760368094447144
-0.3667283046138259,-0.631458637368203,9.31322596819939e-09,0.31616522979092143
0.3121351937295014,-0.07569032469793457,-0.12499999534338702,-0.09924334591306827
0.42466412912712914,-0.07569032469793457,9.31322596819939e-09,0.29133842026018897
0.4126179835266206,0.7957547203331419,9.31322596819939e-09,-0.7885339887512914
-0.474479687272201,-0.7627004046045991,0.12500001396983884,0.5005905856947086
0.3061902609246532,0.6562731801352915,0.12500001396983884,-0.06337452462248683
0.5537849650257969,0.7785686829710108,0.3750000232830648,0.43674236859334514
0.80306728325591,0.513167318181496,9.31322596819939e-09,-1.0
0.7848779704997919,0.4738867559342115,0.2500000279396779,0.44086861566293756
-0.04873103794037659,-0.07569032469793457,0.6250000512227427,0.9788362297159865
0.8898802937224741,0.6925689840180218,-0.12499999534338702,0.7045030228119151
0.1878537932510118,-0.07569032469793457,-0.625000013969839,0.8192450439993924
0.3318296191488088,0.8538206160352126,-0.25,0.9062490304367843
0.9182603205103328,0.6180275477395316,-0.12499999534338702,0.2295833684426647
0.9198084363924706,0.8869467695911519,-0.750000009313226,-0.35726328396287343
0.8477602140511447,0.6054514057797149,0.8750000419095167,0.5669513543201312
0.47561979700382917,-0.07569032469793457,0.12500001396983884,-0.023454089895271646
0.7968139859054328,-0.5115958657071924,9.31322596819939e-09,-0.5633294833961783
0.5745754480987859,0.5190920008708415,0.8750000419095167,0.9723492660591
0.8446031484649423,0.9500445433291289,9.31322596819939e-09,0.38105643479500184
0.5823422489844423,0.6928872152570116,0.5000000186264519,0.7959913608146276
0.5507978145973902,0.6575147083429447,0.2500000279396779,0.2683517748447082
0.5704985331706902,0.9231327494571788,0.2500000279396779,0.9247528648894572
0.7457230152178953,0.9373336408405819,-0.12499999534338702,0.937928097598536
0.8996745390526917,0.8753780368763213,0.3750000232830648,0.872158235626681
0.8231088810037999,0.9148923304720966,0.6250000512227427,0.9522890807100679
-0.7070557793704119,0.7508447081943588,-0.12499999534338702,0.5330591260564195
0.7193830191825823,-0.07569032469793457,0.12500001396983884,0.2521371045514036
0.9512070793786978,0.7961884605967582,0.3750000232830648,0.16579027067572838
0.4055077683741741,-0.07569032469793457,0.12500001396983884,0.8331500087664554
0.6644825926116278,-0.07569032469793457,0.12500001396983884,-0.34978091990317894
0.7814817650618773,0.8808001131833394,0.2500000279396779,-0.34370872067896496
0.6215800641272391,0.9290421859889102,1.0,0.24470763451139543
0.6432683705031483,0.5851245307445889,0.2500000279396779,0.5252748039037662
-0.04873103794037659,-0.07569032469793457,-0.12499999534338702,0.7344028652467922
0.9101253701161194,0.8175612478850813,0.12500001396983884,0.8867580121280503
0.5596365493797575,-0.07569032469793457,-0.12499999534338702,-0.4172774549383411
0.5655814821846057,0.8623281011879735,0.3750000232830648,0.022263118562072304
0.7729482482481433,0.9341679958602822,0.12500001396983884,0.9461350583744983
0.9575872886680226,0.8921719378964583,0.12500001396983884,0.9244923318863494
-0.04873103794037659,-0.07569032469793457,-0.12499999534338702,0.9980049197429517
0.6748128048902002,0.7545930664868155,-0.12499999534338702,-0.16955969708502328
0.7655936489489907,0.8840906991332309,0.2500000279396779,0.831759871763669
0.7157812373809151,0.6590862254196099,0.3750000232830648,0.7849383936591179
0.687562734878862,0.6173605929463262,9.31322596819939e-09,-0.29984246055447916
0.8739187574796758,0.7827492310703779,0.12500001396983884,0.23070116115639272
0.5955526280735504,-0.07569032469793457,9.31322596819939e-09,-0.3195816870461998
0.9881426490192642,0.8042804233522043,-0.12499999534338702,-0.09101344727743654
0.34829146113400533,0.4638189945159059,-0.12499999534338702,-0.7798294989519845
0.5220622246089592,-0.07569032469793457,9.31322596819939e-09,-0.10810386451154064
0.89881132809673,0.8663145837895885,0.3750000232830648,0.9460465593189087
0.7380485139241277,0.7734875779346753,9.31322596819939e-09,-0.4457014001637599
0.9881426490192642,0.8042804233522043,-0.12499999534338702,0.1766773662937806
0.8349809160105182,0.6195621122646939,9.31322596819939e-09,-0.9486407627762717
0.8299243667776011,0.8690317591675618,0.2500000279396779,-0.1514254360579128
0.5674432069073658,-0.07569032469793457,0.12500001396983884,0.48561866809691434
0.9834353698329272,-0.07569032469793457,0.2500000279396779,0.7636785924849996
0.630395724011634,-0.07569032469793457,9.31322596819939e-09,0.71897801050956
0.7506243333189988,-0.5838590996627109,0.2500000279396779,-0.4179328957194851
0.9881426490192642,0.7867724078140439,-0.12499999534338702,-0.6764873372529985
0.6551718712798282,0.471096321476862,-0.12499999534338702,-0.892130264276239
0.8166678378925485,-0.07569032469793457,0.2500000279396779,0.733110128558571
0.45098734341846236,-0.07569032469793457,-0.12499999534338702,0.9357246936458403
0.9881426490192642,0.8042804233522043,-0.12499999534338702,0.26104572418396144
0.32251050694502004,0.5907489416517924,0.12500001396983884,-0.4458166029962749
0.667317658485217,-0.07569032469793457,0.2500000279396779,0.9327900170326424
0.5305632267937324,-0.07569032469793457,-0.12499999534338702,0.3150671225537749
0.5738202696196941,0.6480843138356942,0.12500001396983884,0.7030433875178921
0.45998760248663495,-0.07569032469793457,-0.12499999534338702,0.32547252311877184
-0.37116602703748725,-0.07569032469793457,-0.12499999534338702,-0.5145947481459396
0.8083535326095506,0.9035949276808861,0.5000000186264519,0.7008120815418657
0.9881426490192642,0.7867724078140439,-0.12499999534338702,-0.072088685982028
0.8543890029231702,-0.07569032469793457,9.31322596819939e-09,-0.595979643676614
0.6629355255884888,-0.07569032469793457,0.2500000279396779,0.1027928085188119
0.6422467818383772,0.5914404453428486,0.3750000232830648,-0.11199405704021026
-0.3657864292329589,-0.07569032469793457,0.3750000232830648,-0.14385628472320167
0.5685413622790447,0.7488397092635268,0.5000000186264519,-0.4518524268833266
0.9881426490192642,0.8042804233522043,-0.12499999534338702,0.2797322056237035
0.3025790393919974,0.7012979260703491,9.31322596819939e-09,-0.7779903619050766
0.7695583359642213,0.9147937472665137,9.31322596819939e-09,0.7142841370021844
0.6651622532428099,-0.07569032469793457,0.12500001396983884,0.8270434027527398
-0.6245242113366973,-0.07569032469793457,-0.12499999534338702,0.8339011380815908
0.35922896277284755,-0.07569032469793457,-0.375000004656613,0.9378597975537013
0.9881426490192642,0.7860341320123463,-0.12499999534338702,0.18222593184092029
0.4098573866419417,-0.07569032469793457,-0.12499999534338702,0.9916444566703597
0.8681112252036622,0.8877089482670746,0.2500000279396779,0.8665230539825828
0.9916206654590802,0.8215145248722324,-0.12499999534338702,0.05928311228754146
0.9643702598128625,0.9418757037619909,0.3750000232830648,0.7765706966874173
0.3819189294925516,0.6248675167045556,-0.25,0.09489653591672886
0.9881426490192642,0.7867724078140439,-0.12499999534338702,0.2047767579226869
0.38049982326725873,-0.07569032469793457,0.12500001396983884,-0.026872173342092465
0.8102561628332616,0.46735946240497794,-0.5000000186264519,-0.2916356709565747
0.352351594318121,-0.07569032469793457,-0.12499999534338702,0.5528654543465754
0.47252566295755183,-0.07569032469793457,-0.25,0.7718704895919233
0.34678320189381995,-0.07569032469793457,0.12500001396983884,0.5577286229525542
0.29353472824587756,-0.07569032469793457,0.12500001396983884,0.983800906909905
0.9881426490192642,0.7920951256871274,-0.12499999534338702,0.021570189786394023
0.676139611523604,0.5749252389156887,-0.12499999534338702,-0.6013537787834308
0.9459344651920407,0.5857649985690578,-0.12499999534338702,0.8402306179258245
0.9503071583577807,-0.07569032469793457,-0.12499999534338702,0.6712807854642093
0.7036490853425101,0.46722870722273946,-0.12499999534338702,0.04001599487766727
0.2976462555209316,-0.07569032469793457,-0.375000004656613,-0.06743966112564692
0.6436574971916802,0.6749868049674053,0.12500001396983884,-0.36859287485887116
0.9268850880569572,1.0,0.8750000419095167,0.947339809541301
0.9881426490192642,0.7867724078140439,-0.12499999534338702,-0.05915515668976201
0.6760829731376723,0.5963135307710759,-0.12499999534338702,-0.7652229609173532
-0.5339625788086431,-0.07569032469793457,0.5000000186264519,0.9733847221272991
0.8782138350795088,-0.07569032469793457,9.31322596819939e-09,-0.7320150169374268
0.9881426490192642,0.7002016239741966,-0.12499999534338702,0.053859677900240044
0.9727663760977621,0.885265428497783,9.31322596819939e-09,0.9434381480827994
0.8682286974115208,0.5553064057764847,0.2500000279396779,0.8562354239209606
0.7859278783575288,0.9496936232945794,0.5000000186264519,-0.31419351533868856
0.9028913896018216,0.7858090573804659,1.0,0.6651657917256864
0.4928410129041123,-0.07569032469793457,9.31322596819939e-09,0.552443500435498
-0.38963958058226356,0.8271720121891759,0.12500001396983884,-0.3262536941829569
-0.5953040484908492,0.7025359657504129,-0.750000009313226,0.6993486803305837
-0.04873103794037659,-0.07569032469793457,0.12500001396983884,0.5343037617105582
