IBM,Azure,Google,AWS,IBM_Sentiments,Azure_Sentiments,Google_Sentiments,AWS_Sentiments,Average_score,Average_Sentiments
0.7484552929096082,0.9173464450288806,0.2500000279396779,-0.3924412306144597,positive,positive,neutral,negative,0.38084013381592674,positive
0.9046230558087387,0.9252129455382707,0.3750000232830648,0.48738676625006994,positive,positive,positive,positive,0.673055697720036,positive
-0.7568618977844951,-0.07569032469793457,-0.12499999534338702,0.8474640890903038,negative,neutral,neutral,positive,-0.02752203218387822,neutral
0.693849595717299,-0.07569032469793457,0.6250000512227427,0.1723338942695598,positive,neutral,positive,neutral,0.35387330412791673,positive
0.7969503375752687,-0.07569032469793457,0.2500000279396779,-0.22441096667629712,positive,neutral,neutral,neutral,0.18671226853517872,neutral
-0.5345856010538934,-0.07569032469793457,-0.25,0.814858092748634,negative,neutral,neutral,positive,-0.011354458250798505,neutral
0.9881426490192642,0.9361542601059105,-0.12499999534338702,0.5413003224438251,positive,positive,neutral,positive,0.5851493090564032,positive
0.7266054622478937,0.6946805768474174,0.2500000279396779,-0.7368909383086703,positive,positive,neutral,negative,0.23359878218157967,neutral
0.811766519791445,0.8495369625648692,0.2500000279396779,-0.32762072214801596,positive,positive,neutral,neutral,0.39592069703699406,positive
0.8061414889812117,-0.07569032469793457,0.2500000279396779,-0.31178521125148284,positive,neutral,neutral,neutral,0.16716649524286806,neutral
0.8226683602243299,0.6596179028651794,0.3750000232830648,0.8415798433729329,positive,positive,positive,positive,0.6747165324363767,positive
0.8340201611676739,0.8626946549943129,0.5000000186264519,0.39848355926768475,positive,positive,positive,positive,0.6487995985140308,positive
0.9881426490192642,0.9361542601059105,-0.12499999534338702,0.6782390023126581,positive,positive,neutral,positive,0.6193839790236114,positive
0.6393005369109213,0.5687393042713158,9.31322596819939e-09,0.8993627083723741,positive,positive,neutral,positive,0.5268506397169592,positive
0.6065058625973736,0.8677328640617723,9.31322596819939e-09,-0.29218121542497477,positive,positive,neutral,neutral,0.2955143801368493,neutral
0.6469739893456905,0.8462679538041431,0.2500000279396779,0.5376814471358722,positive,positive,neutral,positive,0.5702308545563459,positive
0.4835072166743406,-0.07569032469793457,0.2500000279396779,0.12993257595887164,positive,neutral,neutral,neutral,0.1969373739687389,neutral
0.8977750554059767,-0.07569032469793457,0.2500000279396779,0.6571822183144158,positive,neutral,neutral,positive,0.43231674424053396,positive
0.5960644712649343,0.3750910085785488,0.2500000279396779,0.7610917496840994,positive,positive,neutral,positive,0.4955618143668151,positive
0.9881426490192642,0.927243785414209,-0.12499999534338702,0.3026656146633848,positive,positive,neutral,neutral,0.5232630134383678,positive
0.6717375503058995,0.9229649125187112,0.5000000186264519,0.4635938721850241,positive,positive,positive,positive,0.6395740884090217,positive
0.7936674089092182,0.6875110066275572,0.12500001396983884,0.3580963219783917,positive,positive,neutral,positive,0.49106868787125146,positive
0.6840868161570437,0.724851043102051,0.2500000279396779,0.9978215880436567,positive,positive,neutral,positive,0.6641898688106074,positive
0.634278600024963,0.6361717673462193,0.2500000279396779,0.35321021551274634,positive,positive,neutral,positive,0.4684151527059016,positive
0.4379091205631953,-0.07569032469793457,0.2500000279396779,0.9614827118079181,positive,neutral,neutral,positive,0.3934253839032142,positive
0.7525815042106445,-0.07569032469793457,0.12500001396983884,0.18881200759294448,positive,neutral,neutral,neutral,0.24767580026887331,neutral
0.5089210702137681,0.759905964800758,-0.12499999534338702,0.13462987302739027,positive,positive,neutral,neutral,0.31961422817463236,neutral
0.5943789548539622,-0.6673956397281291,9.31322596819939e-09,0.19676699426865873,positive,negative,neutral,neutral,0.03093757967692945,neutral
0.9881426490192642,0.9361542601059105,-0.12499999534338702,0.4118874858612269,positive,positive,neutral,positive,0.5527960999107536,positive
0.4369357794123663,-0.9015443194819422,-0.25,-0.8968360346585926,positive,negative,neutral,negative,-0.4028611436820422,negative
0.45533801054522827,-0.07569032469793457,-0.12499999534338702,-0.9571988097476143,positive,neutral,neutral,negative,-0.1756377798109269,neutral
0.4066101191818481,0.6210526179784501,0.12500001396983884,0.47412029563648694,positive,positive,neutral,positive,0.406695761691656,positive
0.7776681137424653,0.890562047016308,0.5000000186264519,0.7602528060256031,positive,positive,positive,positive,0.7321207463527071,positive
0.8518077609272752,-0.07569032469793457,0.3750000232830648,-0.37661410744273416,positive,neutral,positive,negative,0.1936258380174178,neutral
0.9881426490192642,0.8820689035880811,-0.12499999534338702,0.007203044264804559,positive,positive,neutral,neutral,0.43810365038219073,positive
-0.04873103794037659,-0.07569032469793457,0.12500001396983884,0.9085306627616374,neutral,neutral,neutral,positive,0.22727732852329127,neutral
0.9948847146631536,0.9193625555661094,0.2500000279396779,0.6799682430468219,positive,positive,neutral,positive,0.7110538853039406,positive
0.7959906315914231,0.833799568585422,9.31322596819939e-09,0.2154979820032792,positive,positive,neutral,neutral,0.4613220478733376,positive
0.8448076759696965,-0.07569032469793457,0.12500001396983884,0.5603921535230934,positive,neutral,neutral,positive,0.36362737969117354,positive
0.8864536713735962,-0.07569032469793457,0.2500000279396779,-0.35024926306776616,positive,neutral,neutral,negative,0.17762852788689334,neutral
0.828273462713587,-0.07569032469793457,0.3750000232830648,-0.01672747695825827,positive,neutral,positive,neutral,0.2777139210851147,neutral
0.6257849398531807,0.7031808265355515,-0.12499999534338702,0.3675296023563659,positive,positive,neutral,positive,0.39287384335042774,positive
0.8628784676589574,0.9261872783735194,-0.12499999534338702,0.7268729136871859,positive,positive,neutral,positive,0.597734666094069,positive
0.9748116511453018,0.8706430712996898,0.12500001396983884,0.9281064142087021,positive,positive,neutral,positive,0.7246402876558831,positive
0.5822583402645432,0.7339194059683554,-0.12499999534338702,0.0295113110394718,positive,positive,neutral,neutral,0.30517226548224585,neutral
0.4923868569576588,0.46532629684398197,-0.12499999534338702,0.9422888586065397,positive,positive,neutral,positive,0.44375050426619833,positive
0.4000358709777567,-0.07569032469793457,-0.12499999534338702,0.988479032036016,positive,neutral,neutral,positive,0.2969561457431128,neutral
0.5093647375702344,-0.07569032469793457,0.2500000279396779,0.9583722353299429,positive,neutral,neutral,positive,0.41051166903548014,positive
0.9899487842150916,-0.07569032469793457,9.31322596819939e-09,0.8856768515185673,positive,neutral,neutral,positive,0.4499838300872376,positive
-0.4510869850233423,-0.07569032469793457,-0.375000004656613,0.8895439350095098,negative,neutral,negative,positive,-0.0030583448420950232,neutral
-0.5985827817209048,-0.07569032469793457,-0.375000004656613,0.6759553158511162,negative,neutral,negative,positive,-0.09332944880608401,neutral
-0.9052135634250281,-0.07569032469793457,-0.12499999534338702,0.9350247465698149,negative,neutral,neutral,positive,-0.042719784224133694,neutral
0.8199644017255829,-0.07569032469793457,-0.12499999534338702,0.9915598947100872,positive,neutral,neutral,positive,0.4027084940985871,positive
0.812102154671041,0.7123305883789408,0.5000000186264519,0.9788665282321187,positive,positive,positive,positive,0.7508248224771381,positive
0.9853600260956121,-0.07569032469793457,9.31322596819939e-09,-0.23851004736026094,positive,neutral,neutral,neutral,0.16778991583766065,neutral
0.7789697477598994,-0.07569032469793457,-0.12499999534338702,0.6125560987938745,positive,neutral,neutral,positive,0.29770888162811304,neutral
0.7714315981359678,-0.07569032469793457,-0.12499999534338702,0.9778112155092775,positive,neutral,neutral,positive,0.38713812340098097,positive
0.8847681549626238,-0.07569032469793457,0.12500001396983884,-0.08414903600435153,positive,neutral,neutral,neutral,0.21248220205754415,neutral
0.4389307092279664,-0.07569032469793457,9.31322596819939e-09,0.882480957190036,positive,neutral,neutral,positive,0.31143033775832346,neutral
0.7920196514222004,-0.07569032469793457,0.2500000279396779,0.6867409028812295,positive,neutral,neutral,positive,0.4132675643862933,positive
0.9911402880376583,-0.07569032469793457,0.5000000186264519,-0.3187124448715736,positive,neutral,positive,neutral,0.27418438427365055,neutral
-0.8961314933549538,-0.07569032469793457,9.31322596819939e-09,0.9089608332194643,negative,neutral,neutral,positive,-0.015715243880049523,neutral
0.8614174070737148,0.8769699682996221,0.2500000279396779,0.9670189525349333,positive,positive,neutral,positive,0.7388515889619871,positive
0.9066053993163539,0.9179205016244265,0.3750000232830648,0.8688310477282486,positive,positive,positive,positive,0.7670892429880235,positive
0.8816173825304146,0.7388116136959597,0.5000000186264519,0.9226701414671081,positive,positive,positive,positive,0.7607747890799836,positive
0.8328695628460578,0.8737951497838095,0.6250000512227427,0.44854903273485025,positive,positive,positive,positive,0.6950534491468651,positive
0.9538795721074826,0.9176870286853875,0.5000000186264519,0.1913528034964478,positive,positive,positive,neutral,0.6407298557289425,positive
0.7381880121709596,0.6055299622528405,0.3750000232830648,0.37086124088428596,positive,positive,positive,positive,0.5223948096477877,positive
0.6246416835445558,-0.07569032469793457,9.31322596819939e-09,0.444688625188139,positive,neutral,neutral,positive,0.24840999833699656,neutral
0.493883578748858,0.6764995338939526,0.3750000232830648,0.5414600315712248,positive,positive,positive,positive,0.521710791874275,positive
0.8735506079711186,0.5553148040836455,0.5000000186264519,0.3742950727123713,positive,positive,positive,positive,0.5757901258483968,positive
0.8780995094486463,-0.07569032469793457,0.5000000186264519,0.3621327005679378,positive,neutral,positive,positive,0.41613547598627537,positive
0.6987026663044607,-0.07569032469793457,-0.25,0.4007407131303531,positive,neutral,neutral,positive,0.1934382636842198,neutral
0.8641895414073801,0.8800653259092313,0.5000000186264519,-0.20591774526317275,positive,positive,positive,neutral,0.5095842851699727,positive
-0.4563585503510006,0.7244374587756177,0.2500000279396779,0.8821832785485069,negative,positive,neutral,positive,0.3500655537282005,positive
0.4749978236175776,-0.7204785613829052,0.2500000279396779,-0.08320652962122932,positive,negative,neutral,neutral,-0.019671809861719763,neutral
0.9146910533376267,0.9418134270842833,0.5000000186264519,0.511900491114125,positive,positive,positive,positive,0.7171012475406218,positive
0.7880214009190105,0.48074739765532315,0.6250000512227427,0.5055728942285223,positive,positive,positive,positive,0.5998354360063997,positive
0.7673830024008381,-0.07569032469793457,0.5000000186264519,0.6381538942943821,positive,neutral,positive,positive,0.4574616476559344,positive
0.7147659418701366,0.5354332977374325,-0.12499999534338702,0.06245812289309227,positive,positive,neutral,neutral,0.2969143417893186,neutral
0.9320779889597104,0.5963897615591396,0.750000009313226,0.04904015969885611,positive,positive,positive,neutral,0.581876979882733,positive
0.9101033440771455,-0.07569032469793457,-0.8750000419095167,0.6912723284122908,positive,neutral,negative,positive,0.16267132647049626,neutral
0.675373944454525,-0.07569032469793457,-0.12499999534338702,0.9903346021764168,positive,neutral,neutral,positive,0.366254556647405,positive
0.7479014953582743,-0.07569032469793457,-0.12499999534338702,0.9146764685504603,positive,neutral,neutral,positive,0.3654719109668533,positive
0.9208992497511583,0.6237883988368991,0.750000009313226,0.7774632190778286,positive,positive,positive,positive,0.768037719244778,positive
0.881642555146384,-0.07569032469793457,-0.12499999534338702,0.9838522603270756,positive,neutral,neutral,positive,0.41620112385803454,positive
0.9395081061067718,-0.07569032469793457,-0.25,0.7084319015815161,positive,neutral,neutral,positive,0.33056242074758835,neutral
0.6702964180416335,0.5358981763399027,0.3750000232830648,0.3864784997578461,positive,positive,positive,positive,0.4919182793556118,positive
0.893758974299808,0.46032219782406414,0.6250000512227427,-0.11187080883900369,positive,positive,positive,neutral,0.4668026036269028,positive
0.6303327924717097,-0.07569032469793457,-0.12499999534338702,0.7737839179156685,positive,neutral,neutral,positive,0.3008565975865142,neutral
0.8253670744280837,0.6011411361359129,0.3750000232830648,0.4157756242532078,positive,positive,positive,positive,0.5543209645250673,positive
0.746171926869355,0.8040690444212322,0.6250000512227427,0.8687889379261715,positive,positive,positive,positive,0.7610074901098753,positive
0.9774369452191434,0.9104196504882984,9.31322596819939e-09,0.7655038641092711,positive,positive,neutral,positive,0.6633401172824847,positive
-0.04873103794037659,0.48911805500374395,-0.12499999534338702,0.9260276278816704,neutral,positive,neutral,positive,0.3103536624004127,neutral
-0.5209105774283446,-0.07569032469793457,-0.375000004656613,0.9814499474718728,negative,neutral,negative,positive,0.0024622601722451565,neutral
0.9164384524295246,0.8714524097004344,9.31322596819939e-09,-0.3253000612261131,positive,positive,neutral,neutral,0.36564770255426793,positive
0.5253094920690526,-0.07569032469793457,-0.25,-0.6169572578233851,positive,neutral,neutral,negative,-0.10433452261306675,neutral
0.8602626133161042,0.8141906842100848,0.12500001396983884,0.9066287033677269,positive,positive,neutral,positive,0.6765205037159387,positive
0.8594738713490528,-0.07569032469793457,0.12500001396983884,-0.31395660490747923,positive,neutral,neutral,neutral,0.14870673892836947,neutral
0.7302607358584963,-0.07569032469793457,0.2500000279396779,0.6004235116313972,positive,neutral,neutral,positive,0.3762484876829092,positive
0.9881426490192642,0.9406565279718551,-0.12499999534338702,0.609877162198184,positive,positive,neutral,positive,0.603419085961479,positive
0.31101396345985033,0.773927390820393,-0.12499999534338702,-0.0030969106169390637,neutral,positive,neutral,neutral,0.2392111120799793,neutral
0.6427177195288107,-0.07569032469793457,9.31322596819939e-09,-0.34218831717462483,positive,neutral,neutral,negative,0.056209771742369324,neutral
0.9580907409874169,0.808538881901067,0.6250000512227427,0.9977394225761855,positive,positive,positive,positive,0.847342274171853,positive
0.9253705356627793,0.6431776351788294,0.2500000279396779,0.6992743890537432,positive,positive,neutral,positive,0.6294556469587574,positive
-0.5354404211378652,-0.07569032469793457,-0.12499999534338702,0.8930522292924932,negative,neutral,neutral,positive,0.039230372028326604,neutral
0.7982603624646927,0.4971582066642508,0.12500001396983884,0.33913099148341863,positive,positive,neutral,positive,0.43988739364555024,positive
0.8752497595490745,0.8899396678534124,0.3750000232830648,0.001438280831381089,positive,positive,positive,neutral,0.5354069328792331,positive
0.9881426490192642,0.9339427920236758,-0.12499999534338702,0.5842911779836242,positive,positive,neutral,positive,0.5953441559207943,positive
0.8600475972213626,0.926739240961,0.2500000279396779,0.9108355753022757,positive,positive,neutral,positive,0.736905610356079,positive
0.9759800800698959,0.5445242714307039,-0.12499999534338702,0.9501178582321295,positive,positive,neutral,positive,0.5864055535973356,positive
0.8504778077168751,0.7819215455986099,0.5000000186264519,0.5096957177369688,positive,positive,positive,positive,0.6605237724197265,positive
0.8229809202059541,0.4108535845590022,0.2500000279396779,-0.24921261303261655,positive,positive,neutral,neutral,0.30865547991800446,neutral
0.7029715224293251,-0.07569032469793457,-0.12499999534338702,0.26283898551153073,positive,neutral,neutral,neutral,0.19128004697488357,neutral
0.6828806283084947,-0.07569032469793457,0.3750000232830648,-0.35161320982779465,positive,neutral,positive,negative,0.15764427926645758,neutral
0.9881426490192642,0.9361542601059105,-0.12499999534338702,0.6123316843608413,positive,positive,neutral,positive,0.6029071495356573,positive
0.18428977037329952,-0.07569032469793457,-0.12499999534338702,0.9790935103360086,neutral,neutral,neutral,positive,0.24067324016699662,neutral
0.8198018285807787,-0.07569032469793457,9.31322596819939e-09,0.037039550818505296,positive,neutral,neutral,neutral,0.19528776600364384,neutral
0.6713358373093832,0.8848723877227092,0.12500001396983884,0.4508448728384524,positive,positive,neutral,positive,0.5330132779600959,positive
0.7868173107884588,0.6236338699851616,0.2500000279396779,-0.13882296512833592,positive,positive,neutral,neutral,0.3804070608962406,positive
0.5688843391716321,-0.07569032469793457,0.12500001396983884,0.9035921758104766,positive,neutral,neutral,positive,0.3804465510635032,positive
0.7473151831779798,0.6214567703599205,0.6250000512227427,-0.1754648265253751,positive,positive,positive,neutral,0.454576794558817,positive
0.5354037110729095,-0.07569032469793457,0.12500001396983884,0.44650157199228935,positive,neutral,neutral,positive,0.2578037430842758,neutral
0.9881426490192642,0.9361542601059105,-0.12499999534338702,0.6806175214179053,positive,positive,neutral,positive,0.6199786087999233,positive
0.7481427329279844,-0.07569032469793457,9.31322596819939e-09,-0.8667054442025666,positive,neutral,neutral,negative,-0.048563256664822696,neutral
-0.723578455177535,-0.07569032469793457,0.2500000279396779,0.4364347616244961,negative,neutral,neutral,positive,-0.0282084975778239,neutral
0.7299576156078609,0.5863461614245089,0.6250000512227427,-0.663189455465911,positive,positive,positive,negative,0.31952859319730037,neutral
0.7828494771962322,-0.07569032469793457,0.12500001396983884,0.9963857464995893,positive,neutral,neutral,positive,0.45713622824193145,positive
0.8484430212593232,-0.07569032469793457,9.31322596819939e-09,0.5376444726755083,positive,neutral,neutral,positive,0.32759929463753074,neutral
0.756024908303502,-0.07569032469793457,0.2500000279396779,0.35492764496095974,positive,neutral,neutral,positive,0.32131556412655127,neutral
0.6841738714539387,-0.07569032469793457,0.2500000279396779,0.06747415350417851,positive,neutral,neutral,neutral,0.23148943204996514,neutral
0.827251874048816,-0.07569032469793457,0.3750000232830648,0.3812306940572665,positive,neutral,positive,positive,0.3769480666728032,positive
0.9881426490192642,0.9361542601059105,-0.12499999534338702,0.5973156028242814,positive,positive,neutral,positive,0.5991531291515173,positive
0.9004685253147364,0.5123117244890112,9.31322596819939e-09,0.47860789958489547,positive,positive,neutral,positive,0.47284703967546726,positive
0.7721626528580885,0.6242390649195613,0.12500001396983884,0.5363892239818215,positive,positive,neutral,positive,0.5144477389323275,positive
-0.693893647795246,-0.6550567822467547,0.12500001396983884,0.4972002330931604,negative,negative,neutral,positive,-0.18168754574475032,neutral
0.8700621029413154,-0.07569032469793457,0.12500001396983884,0.8755126408362097,positive,neutral,neutral,positive,0.44872110826235734,positive
0.9148473333284386,0.699672143008959,9.31322596819939e-09,0.8197787771818446,positive,positive,neutral,positive,0.608574565708117,positive
0.6740125254741631,0.8955757071859165,-0.12499999534338702,0.9446541970013789,positive,positive,neutral,positive,0.5973106085795179,positive
-0.04873103794037659,-0.07569032469793457,-0.12499999534338702,0.9514633177619762,neutral,neutral,neutral,positive,0.17551048994506951,neutral
0.6035260541819583,0.8962772888455635,0.12500001396983884,-0.29652930925674104,positive,positive,neutral,neutral,0.33206851193515485,neutral
-0.6313533322774818,-0.07569032469793457,-0.25,0.4973924660514304,negative,neutral,neutral,positive,-0.1149127977309965,neutral
0.27325084406927913,0.7445787958248782,-0.12499999534338702,-0.6514600782172464,neutral,positive,neutral,negative,0.06034239158338098,neutral
0.5850430609061932,0.6534972166072017,0.2500000279396779,-0.5739285719329358,positive,positive,neutral,negative,0.22865293338003426,neutral
0.8633064021304424,0.5497077066096618,0.3750000232830648,0.7100584354813411,positive,positive,positive,positive,0.6245181418761275,positive
-0.7395567731643131,-0.07569032469793457,-0.12499999534338702,0.9508895289141328,negative,neutral,neutral,positive,0.002660608927124525,neutral
0.5742733767071491,0.7575075374806763,0.2500000279396779,-0.4685109618790335,positive,positive,neutral,negative,0.27831749506211745,neutral
0.25473218958755717,-0.07569032469793457,-0.25,0.09223608655121973,neutral,neutral,neutral,neutral,0.005319487860210581,neutral
0.7561717485633255,0.612330006957676,9.31322596819939e-09,0.5404440898015492,positive,positive,neutral,positive,0.4772364636589442,positive
0.5090039300746683,-0.07569032469793457,0.2500000279396779,0.8303678518022521,positive,neutral,neutral,positive,0.37842037127966593,positive
0.7451178235756235,-0.07569032469793457,0.5000000186264519,0.031066121333315877,positive,neutral,positive,neutral,0.3001234097093642,neutral
0.5852612235779309,0.7228557345256357,-0.12499999534338702,-0.1052006846608774,positive,positive,neutral,neutral,0.2694790695248256,neutral
0.6137157193547,-0.07569032469793457,0.12500001396983884,-0.3924200045353632,positive,neutral,neutral,negative,0.06765135102281028,neutral
-0.04873103794037659,-0.07569032469793457,-0.12499999534338702,0.9160522265964395,neutral,neutral,neutral,positive,0.16665771715368533,neutral
0.9199248597413305,0.9544338862649582,-0.25,0.5257897074999205,positive,positive,neutral,positive,0.5375371133765523,positive
0.6915012004191243,0.7263596374773829,0.12500001396983884,-0.44571115731302147,positive,positive,neutral,negative,0.27428742363833114,neutral
-0.637711515527833,-0.07569032469793457,9.31322596819939e-09,0.09613723447555067,negative,neutral,neutral,neutral,-0.15431614910924774,neutral
0.801301004702035,0.769232866322854,-0.12499999534338702,0.29539910613386144,positive,positive,neutral,neutral,0.4352332454538409,positive
0.4071376952582133,-0.07569032469793457,-0.12499999534338702,-0.056351944824520106,positive,neutral,neutral,neutral,0.0375238575980929,neutral
0.3799837846398797,-0.07569032469793457,-0.12499999534338702,0.8279819720405448,positive,neutral,neutral,positive,0.25181885915977575,neutral
-0.04873103794037659,-0.07569032469793457,-0.12499999534338702,0.879519063265739,neutral,neutral,neutral,positive,0.1575244263210102,neutral
0.7203301388584429,-0.07569032469793457,0.12500001396983884,0.1310397556330516,positive,neutral,neutral,neutral,0.22516989594084968,neutral
0.5920683184797417,-0.07569032469793457,9.31322596819939e-09,0.5188121475310064,positive,neutral,neutral,positive,0.25879753765650987,neutral
0.7036920885614584,0.5000547182012642,0.12500001396983884,-0.7331087591341164,positive,positive,neutral,negative,0.14890951539961125,neutral
0.8534974727742426,0.8584887827687409,0.3750000232830648,-0.372342359024494,positive,positive,positive,negative,0.42866097995038854,positive
-0.04873103794037659,-0.07569032469793457,-0.12499999534338702,0.13828503808347858,neutral,neutral,neutral,neutral,-0.0277840799745549,neutral
0.8486381090330883,0.5816911735729826,9.31322596819939e-09,-0.2898494279293531,positive,positive,neutral,neutral,0.28511996599748596,neutral
0.6874683375689759,0.9018336088624119,9.31322596819939e-09,0.6128282719048748,positive,positive,neutral,positive,0.5505325569123721,positive
0.40565355977499884,-0.07569032469793457,-0.25,-0.17882984477445474,positive,neutral,neutral,neutral,-0.024716652424347618,neutral
0.7165227806930232,0.9451820526883963,0.12500001396983884,0.7800058979399598,positive,positive,neutral,positive,0.6416776863228045,positive
0.5617657331471959,-0.07569032469793457,-0.12499999534338702,-0.5101144192649609,positive,neutral,neutral,negative,-0.03725975153977165,neutral
0.8383750237304348,-0.07569032469793457,0.2500000279396779,0.11769300251062509,positive,neutral,neutral,neutral,0.2825944323707008,neutral
0.8648723486155585,-0.07569032469793457,0.2500000279396779,-0.22359735737027175,positive,neutral,neutral,neutral,0.20389617362175752,neutral
-0.6762465951414753,-0.7798653815964667,-0.375000004656613,-0.5157707413991279,negative,negative,negative,negative,-0.5867206806984206,negative
0.4549625190236801,-0.7358789248357971,-0.12499999534338702,0.05838802222627093,positive,negative,neutral,neutral,-0.08688209473230826,neutral
0.5464419031756302,0.43746949960947945,-0.5000000186264519,-0.2457602939743493,positive,positive,negative,neutral,0.05953777254607712,neutral
0.7862603666601287,-0.07569032469793457,0.2500000279396779,-0.116775744890947,positive,neutral,neutral,neutral,0.21094858125273125,neutral
0.4425220024396459,-0.07569032469793457,9.31322596819939e-09,-0.10136235908354918,positive,neutral,neutral,neutral,0.06636733199284703,neutral
-0.04873103794037659,-0.07569032469793457,-0.12499999534338702,0.9321356033198427,neutral,neutral,neutral,positive,0.17067856133453613,neutral
0.6216608262701422,0.4904449875349737,-0.12499999534338702,-0.15121831060866198,positive,positive,neutral,neutral,0.20897187696326672,neutral
0.7715721452417987,0.862385984905014,0.2500000279396779,-0.0403990057807283,positive,positive,neutral,neutral,0.46088978807644054,positive
-0.33901010785417085,-0.701750530223893,0.12500001396983884,-0.5651982342469868,negative,negative,neutral,negative,-0.37023971458880295,negative
0.5415185590355533,-0.07569032469793457,-0.12499999534338702,0.2737966064891617,positive,neutral,neutral,neutral,0.15365621137084837,neutral
-0.7014118690982014,-0.769776236796086,9.31322596819939e-09,0.6130922284691258,negative,negative,neutral,positive,-0.21452396702798388,neutral
0.9166723479862433,0.9422917429782076,0.6250000512227427,0.1909277683803401,positive,positive,positive,neutral,0.6687229776418835,positive
0.5110817197511688,-0.8521068445557342,0.3750000232830648,-0.31637963030760785,positive,negative,positive,neutral,-0.0706011829572771,neutral
0.7267239833147512,0.7217605952720132,0.12500001396983884,0.37199495315733655,positive,positive,neutral,positive,0.48636988642848494,positive
-0.04873103794037659,-0.07569032469793457,-0.12499999534338702,0.9686417205174991,neutral,neutral,neutral,positive,0.17980509063395023,neutral
0.7178548316214206,0.6821390617540461,0.12500001396983884,-0.025868727570592998,positive,positive,neutral,neutral,0.3747812949436782,positive
0.5957267386673408,0.8399000989062184,-0.12499999534338702,-0.6776624746159001,positive,positive,neutral,negative,0.15824109190356805,neutral
0.8137121532341043,0.6258545116029091,0.12500001396983884,0.5569735565421017,positive,positive,neutral,positive,0.5303850588372385,positive
0.5080452729498217,0.4733238109450626,0.2500000279396779,0.7744823243891785,positive,positive,neutral,positive,0.5014628590559351,positive
0.5706569108794997,-0.07569032469793457,9.31322596819939e-09,-0.10157616047703433,positive,neutral,neutral,neutral,0.09834760875443918,neutral
0.7958647685115747,0.8652867601979688,0.6250000512227427,0.463943931312063,positive,positive,positive,positive,0.6875238778110874,positive
-0.04873103794037659,-0.07569032469793457,-0.12499999534338702,0.9500728384030772,neutral,neutral,neutral,positive,0.17516287010534476,neutral
0.8158612653225188,-0.07569032469793457,9.31322596819939e-09,-0.36803500557035007,positive,neutral,neutral,negative,0.09303398609186503,neutral
0.7173765519179962,-0.07569032469793457,0.12500001396983884,-0.26988116519705396,positive,neutral,neutral,neutral,0.12420126899821163,neutral
0.8233952195104557,0.7933595231311998,0.3750000232830648,-0.3453148843899798,positive,positive,positive,negative,0.41160997038368513,positive
0.8655939636066905,0.8778767270634156,0.2500000279396779,-0.3909646486927727,positive,positive,neutral,negative,0.4006265174792528,positive
0.9503333798327489,0.8419649196249723,-0.12499999534338702,-0.5650057445216286,positive,positive,neutral,negative,0.27557313989817644,neutral
0.7245350145843843,0.9738655017568632,0.12500001396983884,-0.38567747203902747,positive,positive,neutral,negative,0.3594307645680147,positive
0.9112119880388121,0.9818309730860117,0.3750000232830648,0.9867069967875435,positive,positive,positive,positive,0.8136874952988581,positive
0.9776960133918315,0.8922608307476243,-0.12499999534338702,-0.37869015492085134,positive,positive,neutral,negative,0.3415666734688043,positive
0.6534999900358394,0.7874394918119734,0.12500001396983884,0.63916230422954,positive,positive,neutral,positive,0.5512754500117979,positive
0.6786463845305883,0.6037921586944133,9.31322596819939e-09,0.9089396071403648,positive,positive,neutral,positive,0.5478445399196481,positive
0.5840823060633491,-0.07569032469793457,0.5000000186264519,-0.637475772420657,positive,neutral,positive,negative,0.09272905689280236,neutral
0.35394166456020826,0.8394481407763024,9.31322596819939e-09,-0.7167707550505777,positive,positive,neutral,negative,0.11915476489978971,neutral
0.8627148456551541,0.9482871006524198,9.31322596819939e-09,0.18806755422204047,positive,positive,neutral,neutral,0.4997673774607101,positive
0.7459862788265785,-0.07569032469793457,-0.25,0.6248490797959778,positive,neutral,neutral,positive,0.26128625848115544,neutral
-0.6702754408616587,-0.5978183782093661,0.2500000279396779,-0.2719027780529699,negative,negative,neutral,neutral,-0.3224991422960792,neutral
-0.39495519798786893,-0.07569032469793457,-0.25,-0.6106118584198291,negative,neutral,neutral,negative,-0.3328143452764082,neutral
0.41115272750538323,0.4930859321248813,0.12500001396983884,-0.4832345001157804,positive,positive,neutral,negative,0.13650104337108074,neutral
0.530128999168255,0.514771782463173,0.5000000186264519,-0.3378635035586435,positive,positive,positive,negative,0.3017593241748091,neutral
0.6974209606080026,-0.07569032469793457,-0.12499999534338702,0.27557377707935027,positive,neutral,neutral,neutral,0.19307610441150783,neutral
0.8660638524381252,0.40917883290663415,0.5000000186264519,0.0018823167118415807,positive,positive,positive,neutral,0.4442812551707632,positive
0.7287220597073474,0.9054906194139165,0.5000000186264519,-0.3471321106455596,positive,positive,positive,negative,0.44677014677553906,positive
0.6911938847324939,0.7067936490709217,9.31322596819939e-09,0.5600937901693381,positive,positive,neutral,positive,0.4895203333214949,positive
0.6666421932900295,0.44718595337905964,0.3750000232830648,-0.18704741858996232,positive,positive,positive,neutral,0.3254451878405479,neutral
0.4884714663153691,-0.07569032469793457,9.31322596819939e-09,0.7616220593054055,positive,neutral,neutral,positive,0.2936008025590165,neutral
0.533618553057057,0.7056873982109024,0.5000000186264519,0.024944794006677595,positive,positive,positive,neutral,0.44106269097527223,positive
0.5033778504054365,0.3211348567862524,-0.12499999534338702,0.15421846282874707,positive,neutral,neutral,neutral,0.21343279366926224,neutral
0.8084112198544813,0.5350534358443628,9.31322596819939e-09,-0.022272447766193637,positive,positive,neutral,neutral,0.3302980543114691,neutral
0.6231743298053214,-0.7475371318230597,0.2500000279396779,0.9021873174947677,positive,negative,neutral,positive,0.2569561358541768,neutral
-0.372285159589141,-0.07569032469793457,0.6250000512227427,-0.06125944854732279,negative,neutral,positive,neutral,0.02894127959708609,neutral
0.7016688395528923,-0.07569032469793457,0.2500000279396779,0.1469961182379893,positive,neutral,neutral,neutral,0.2557436652581562,neutral
0.28959101841062185,-0.8220793433299036,0.2500000279396779,-0.4250431186827549,neutral,negative,neutral,negative,-0.1768828539155897,neutral
0.5889353766505108,0.8783439313509456,0.3750000232830648,0.42165850054612153,positive,positive,positive,positive,0.5659844579576607,positive
-0.37214461248331,-0.07569032469793457,-0.25,0.893804214497915,negative,neutral,neutral,positive,0.048992319329167616,neutral
0.8211527589711531,0.4306774655976269,0.5000000186264519,-0.12108344070120347,positive,positive,positive,neutral,0.4076867006235071,positive
0.45067373457783955,-0.07569032469793457,9.31322596819939e-09,0.923221677167511,positive,neutral,neutral,positive,0.3245512740901605,neutral
0.7727510627563805,-0.07569032469793457,0.2500000279396779,-0.06941283059136749,positive,neutral,neutral,neutral,0.21941198385168909,neutral
0.8443472268692505,0.8196280066747172,0.750000009313226,0.9646929850932566,positive,positive,positive,positive,0.8446670569876126,positive
0.5267852366802774,-0.07569032469793457,-0.12499999534338702,0.3086191874939348,positive,neutral,neutral,neutral,0.15867852603322266,neutral
0.7246734639722179,0.5646236169441661,-0.5000000186264519,0.9035574266648596,positive,positive,negative,positive,0.4232136222386979,positive
0.9843615123288132,0.9206956899241643,0.2500000279396779,0.032621102805217905,positive,positive,neutral,neutral,0.5469195832494683,positive
0.915418961482751,0.9526133916821877,0.2500000279396779,0.1739054800130131,positive,positive,neutral,neutral,0.5729844652794074,positive
0.75341639597364,-0.07569032469793457,-0.5000000186264519,0.5928341612859338,positive,neutral,negative,positive,0.1926400534837968,neutral
0.9328100925408294,-0.07569032469793457,0.750000009313226,-0.09806529852319124,positive,neutral,positive,neutral,0.3772636196582324,positive
0.2562530351357275,-0.07569032469793457,-0.25,0.4171198855366549,neutral,neutral,neutral,positive,0.08692064899361196,neutral
0.387246084347143,0.6131039432636212,-0.25,0.6961687055613714,positive,positive,neutral,positive,0.3616296832930339,positive
-0.04873103794037659,0.746518933983493,-0.12499999534338702,-0.2609665543324933,neutral,positive,neutral,neutral,0.07795533659180903,neutral
0.7419607579894212,-0.07569032469793457,-0.12499999534338702,-0.14475719483841765,positive,neutral,neutral,neutral,0.09912831077742049,neutral
0.477480472867591,0.4722189813370252,-0.12499999534338702,-0.054491581698515756,positive,positive,neutral,neutral,0.19255196929067836,neutral
0.7665879672797948,-0.07569032469793457,0.3750000232830648,0.9332287463933315,positive,neutral,positive,positive,0.49978160306456415,positive
0.8250010226375237,0.75119640345726,-0.25,-0.06757403590057542,positive,positive,neutral,neutral,0.3146558475485521,neutral
0.7223544367260077,0.6829720446195615,-0.25,-0.592255408274432,positive,positive,neutral,negative,0.1407677682677843,neutral
0.8678878182369312,0.5302680804247739,0.6250000512227427,0.17469358378851219,positive,positive,positive,neutral,0.5494623834182399,positive
0.9674486609741593,0.8593662120598404,0.750000009313226,0.7003930376577578,positive,positive,positive,positive,0.8193019800012459,positive
0.839180547441466,0.9214484366551223,9.31322596819939e-09,0.018946201347075142,positive,positive,neutral,neutral,0.44489379868922235,positive
0.8046972101399492,0.8379767573619259,0.5000000186264519,0.47605426532710005,positive,positive,positive,positive,0.6546820628638568,positive
0.3162991639544923,0.4524868356535281,-0.25,0.8459222883288096,neutral,positive,neutral,positive,0.3411770719842075,positive
0.9852708730807191,0.8871637043253231,9.31322596819939e-09,0.6506130891900583,positive,positive,neutral,positive,0.6307619189773317,positive
0.4068377215845742,-0.07569032469793457,-0.25,-0.08051287171261856,positive,neutral,neutral,neutral,0.00015863129350526806,neutral
0.93165424992422,0.7995179371690344,0.3750000232830648,-0.142919256037912,positive,positive,positive,neutral,0.49081323858460174,positive
0.985972559750875,0.6674270364764328,0.6250000512227427,0.7291759432691931,positive,positive,positive,positive,0.7518938976798109,positive
0.9460204716299374,-0.07569032469793457,9.31322596819939e-09,-0.3878594787345718,positive,neutral,neutral,negative,0.12061766937766424,neutral
0.7404745247882092,-0.07569032469793457,-0.12499999534338702,0.9597082800666439,positive,neutral,neutral,positive,0.3748731212033829,positive
-0.42826171549280123,-0.07569032469793457,-0.25,0.053737970301548144,negative,neutral,neutral,neutral,-0.17505351747229692,neutral
-0.6679574624744471,-0.07569032469793457,-0.12499999534338702,0.9220568104880444,negative,neutral,neutral,positive,0.01335225699306894,neutral
0.2825573699650836,-0.07569032469793457,-0.5000000186264519,0.9600805923411235,neutral,neutral,negative,positive,0.16673690474545516,neutral
-0.37204392201943115,-0.07569032469793457,-0.375000004656613,0.9796524066928711,negative,neutral,negative,positive,0.039229538829723104,neutral
-0.31322600708818915,-0.07569032469793457,-0.12499999534338702,0.8764316958254914,neutral,neutral,neutral,positive,0.09062884217399517,neutral
-0.4141283404848035,0.6275834000352734,-0.12499999534338702,-0.49541399006593856,negative,positive,neutral,negative,-0.10173973146471393,neutral
-0.4163498238441311,-0.07569032469793457,-0.12499999534338702,0.9956139046395285,negative,neutral,neutral,positive,0.09464344018851895,neutral
0.5754439033497409,-0.07569032469793457,-0.12499999534338702,0.9596327905434043,positive,neutral,neutral,positive,0.3335965934629559,positive
0.474699947661936,-0.07569032469793457,-0.12499999534338702,0.933869808217668,positive,neutral,neutral,positive,0.3019698589595706,neutral
-0.5275571969033486,-0.07569032469793457,0.12500001396983884,0.9039596950993556,negative,neutral,neutral,positive,0.10642804686697782,neutral
0.7225411336277832,-0.07569032469793457,9.31322596819939e-09,0.9754453635802676,positive,neutral,neutral,positive,0.40557404545583553,positive
0.9889722964872663,0.8334181562356466,0.750000009313226,0.01060127105698605,positive,positive,positive,neutral,0.6457479332732812,positive
-0.04873103794037659,0.546941304231261,-0.12499999534338702,0.6698747289021005,neutral,positive,neutral,positive,0.2607712499623995,neutral
0.2086463740419986,-0.07569032469793457,-0.12499999534338702,0.9479930250077011,neutral,neutral,neutral,positive,0.23898726975209453,neutral
0.35226873445722084,0.7544543006115916,-0.12499999534338702,-0.6709321813506581,positive,positive,neutral,negative,0.07769771459369182,neutral
0.5961955786397768,-0.07569032469793457,-0.12499999534338702,0.3728508434434996,positive,neutral,neutral,positive,0.1920890255104887,neutral
0.601876198976943,0.6828378009097313,0.5000000186264519,-0.20896334525745597,positive,positive,positive,neutral,0.3939376683139176,positive
-0.34935919959472084,-0.07569032469793457,-0.375000004656613,0.6752567381995511,negative,neutral,negative,positive,-0.03119819768742932,neutral
-0.37574534542597826,-0.49852538646748534,-0.375000004656613,0.055334205685241056,negative,negative,negative,neutral,-0.2984841327162089,neutral
0.5114676998627046,-0.07569032469793457,0.12500001396983884,0.34103141027481665,positive,neutral,neutral,positive,0.22545219985235637,neutral
0.794701583881974,-0.07569032469793457,0.2500000279396779,0.7372740348007534,positive,neutral,neutral,positive,0.42657133048111767,positive
-0.04873103794037659,-0.07569032469793457,-0.12499999534338702,0.9439385015440891,neutral,neutral,neutral,positive,0.17362928589059773,neutral
0.9234752474520591,-0.07569032469793457,-0.12499999534338702,0.8987652969526325,positive,neutral,neutral,positive,0.40538755609084254,positive
0.5722553719935768,0.8220546006249649,-0.12499999534338702,-0.2945237871382054,positive,positive,neutral,neutral,0.24369654753423736,neutral
0.7483105503677825,0.8840509040777662,-0.25,0.20017258171730035,positive,positive,neutral,neutral,0.39563350904071226,positive
0.9361737833497832,-0.07569032469793457,-0.375000004656613,0.7945171753857423,positive,neutral,negative,positive,0.32000015734524445,neutral
-0.04873103794037659,-0.07569032469793457,-0.12499999534338702,0.8535364594925732,neutral,neutral,neutral,positive,0.15102877537771875,neutral
0.49276025076120966,0.5735607078093279,0.5000000186264519,0.11539271177753263,positive,positive,positive,neutral,0.42042842224363053,positive
0.7400235154187518,0.71688712222961,-0.12499999534338702,-0.4996052847972806,positive,positive,neutral,negative,0.20807633937692352,neutral
0.8410590539082061,0.8235874854886955,-0.25,0.06009209978602148,positive,positive,neutral,neutral,0.3686846597957308,positive
0.6111260864868153,0.771968776386029,0.12500001396983884,0.06480137931854868,positive,positive,neutral,neutral,0.39322406404030796,positive
0.4233960585976546,0.49915183557923415,0.3750000232830648,-0.09951996965355625,positive,positive,positive,neutral,0.29950698695159933,neutral
0.439261099812569,-0.07569032469793457,-0.375000004656613,-0.28394823558431537,positive,neutral,negative,neutral,-0.07384436628157348,neutral
0.7918780554573706,0.4014079438941398,0.3750000232830648,-0.4462925635844104,positive,positive,positive,negative,0.2804983647625412,neutral
-0.04873103794037659,-0.07569032469793457,-0.12499999534338702,0.9045494035065214,neutral,neutral,neutral,positive,0.1637820113812058,neutral
0.9881426490192642,0.9106531234273372,-0.12499999534338702,0.016835233545283046,positive,positive,neutral,neutral,0.4476577526621244,positive
0.9881426490192642,0.5585776110175467,-0.25,0.03602189726825933,positive,positive,neutral,neutral,0.33318553932626754,neutral
0.7613950663770417,0.9007061684274054,0.2500000279396779,0.3363971067313587,positive,positive,neutral,positive,0.5621245923688709,positive
0.9373055022094214,0.9988040810604608,0.2500000279396779,0.6579044185378793,positive,positive,neutral,positive,0.7110035074368599,positive
0.6952194055696512,0.7105248231348826,0.2500000279396779,0.9476979140370314,positive,positive,neutral,positive,0.6508605426703108,positive
0.7817135629005987,0.9005963444107021,9.31322596819939e-09,0.6875445838599352,positive,positive,neutral,positive,0.5924636251211155,positive
0.4638148889730307,-0.07569032469793457,-0.12499999534338702,0.48691431481210823,positive,neutral,neutral,positive,0.18750972093595433,neutral
0.9745756578705858,-0.07569032469793457,0.750000009313226,0.20187374925007862,positive,neutral,positive,neutral,0.46268977293398894,positive
0.8602332452641397,0.9546682636370749,0.6250000512227427,0.9154181830724499,positive,positive,positive,positive,0.8388299357991018,positive
0.8026299090534363,-0.07569032469793457,9.31322596819939e-09,0.22560895630983802,positive,neutral,neutral,neutral,0.23813713749464144,neutral
0.9178449723468325,-0.07569032469793457,0.2500000279396779,-0.24062478107931518,positive,neutral,neutral,neutral,0.21288247362731516,neutral
0.6749009090460942,-0.07569032469793457,0.12500001396983884,0.6374392259054364,positive,neutral,neutral,positive,0.34041245605585874,positive
0.6416206130161304,-0.07569032469793457,-0.12499999534338702,0.8432693707978185,positive,neutral,neutral,positive,0.3210499159431568,neutral
0.5264590415316699,-0.07569032469793457,9.31322596819939e-09,0.5878516815740622,positive,neutral,neutral,positive,0.25965510193025587,neutral
0.9645433215476542,-0.07569032469793457,9.31322596819939e-09,0.08098660698600724,positive,neutral,neutral,neutral,0.2424599032872382,neutral
0.42580109228176144,-0.07569032469793457,0.5000000186264519,0.9904265247931494,positive,neutral,positive,positive,0.46013432775085705,positive
0.8880678653726546,-0.07569032469793457,0.12500001396983884,0.38295497062776906,positive,neutral,neutral,positive,0.330083131318082,neutral
0.9750413512660254,0.9613644277425824,0.2500000279396779,0.46638321862762955,positive,positive,neutral,positive,0.6631972563939788,positive
0.8642325446263284,-0.07569032469793457,9.31322596819939e-09,0.9918652763641893,positive,neutral,neutral,positive,0.44510187640145227,positive
0.33381091379742567,-0.07569032469793457,0.3750000232830648,0.4404745637751881,positive,neutral,positive,positive,0.268398794039436,neutral
0.7619520105053719,0.7975416216872726,9.31322596819939e-09,0.017195905711872683,positive,positive,neutral,neutral,0.3941723868044358,positive
0.8629697183918474,0.608629454413667,0.3750000232830648,0.058773515211158145,positive,positive,positive,neutral,0.47634317782493435,positive
0.9280293932245809,0.8503364814064711,0.6250000512227427,0.29918419533538776,positive,positive,positive,neutral,0.6756375302972956,positive
0.9488093877075825,-0.07569032469793457,-0.12499999534338702,0.9032390354784048,positive,neutral,neutral,positive,0.41283952578616645,positive
0.7663519740050786,0.8731571368491242,0.2500000279396779,0.5514301263366785,positive,positive,neutral,positive,0.6102348162826399,positive
0.7696779058900776,-0.07569032469793457,9.31322596819939e-09,0.2026750337359855,positive,neutral,neutral,neutral,0.22416565606033861,neutral
0.8936803098749027,-0.07569032469793457,0.6250000512227427,0.8949059164742661,positive,neutral,positive,positive,0.5844739882184942,positive
0.8434556967203228,0.4980351191364485,0.12500001396983884,0.3792758406436698,positive,positive,neutral,positive,0.46144166761757,positive
0.935601106336472,0.9863642500860841,0.5000000186264519,0.9948307650276873,positive,positive,positive,positive,0.8541990350191738,positive
0.823237890660645,0.8730586828482672,0.2500000279396779,-0.36751342602996107,positive,positive,neutral,negative,0.39469579385465725,positive
-0.04873103794037659,-0.07569032469793457,9.31322596819939e-09,0.98582765510754,neutral,neutral,neutral,positive,0.2153515754456137,neutral
0.7159952046166578,0.8535388205288219,0.2500000279396779,0.34337244138552925,positive,positive,neutral,positive,0.5407266236176718,positive
1.0,-0.07569032469793457,0.6250000512227427,0.8983483072052136,positive,neutral,positive,positive,0.6119145084325055,positive
0.9108774020182147,0.635481038883517,0.750000009313226,0.29078072214972583,positive,positive,positive,neutral,0.6467847930911708,positive
0.762472244568746,-0.07569032469793457,0.2500000279396779,0.44405406812997894,positive,neutral,neutral,positive,0.34520900398511706,positive
0.8351906878102657,-0.07569032469793457,9.31322596819939e-09,0.17694012461163222,positive,neutral,neutral,neutral,0.23411012425929734,neutral
0.87296744236782,-0.07569032469793457,0.2500000279396779,0.7088637838199161,positive,neutral,neutral,positive,0.43903523235736985,positive
0.7009786903317226,-0.07569032469793457,0.12500001396983884,0.9386319817698783,positive,neutral,neutral,positive,0.4222300903433763,positive
0.5973377860894027,-0.07569032469793457,0.5000000186264519,0.04200422801242354,positive,neutral,positive,neutral,0.2659129270075859,neutral
0.7250814701227268,0.45115163401986336,-0.12499999534338702,-0.6969366103261216,positive,positive,neutral,negative,0.08857412461827041,neutral
0.5410455236271223,-0.07569032469793457,9.31322596819939e-09,-0.6424997628114046,positive,neutral,neutral,negative,-0.04428613864224773,neutral
0.9668550067808734,0.9748841518129698,0.12500001396983884,0.6708985448624074,positive,positive,neutral,positive,0.6844094293565224,positive
0.7716445165127117,0.5659909905544884,0.12500001396983884,-0.07392285886527739,positive,positive,neutral,neutral,0.3471781655429404,positive
0.35630893932036023,-0.07569032469793457,-0.25,0.9897519120695955,positive,neutral,neutral,positive,0.2550926316730053,neutral
0.8537355637669561,0.6090469148818658,9.31322596819939e-09,-0.19499281929447287,positive,positive,neutral,neutral,0.3169474171668938,neutral
0.6036624058517941,-0.07569032469793457,0.12500001396983884,0.9096027509340843,positive,neutral,neutral,positive,0.39064371151444566,positive
0.8645975475578891,-0.07569032469793457,-0.12499999534338702,0.7437776027291936,positive,neutral,neutral,positive,0.3519212075614403,positive
0.8663984384587229,-0.07569032469793457,-0.375000004656613,-0.11241361445848608,positive,neutral,negative,neutral,0.07582362366142231,neutral
0.7369209905004841,-0.07569032469793457,0.2500000279396779,0.8149914404552181,positive,neutral,neutral,positive,0.4315555335493614,positive
0.5550656218632561,0.6442986153775587,0.2500000279396779,0.4716568722148513,positive,positive,neutral,positive,0.480255284348836,positive
0.8406342660137169,0.6794769275891515,0.3750000232830648,0.6316138654397516,positive,positive,positive,positive,0.6316812705814212,positive
0.7994497685692621,0.7682372147078922,0.12500001396983884,0.9053085781903483,positive,positive,neutral,positive,0.6494988938593353,positive
0.3939713682470525,-0.07569032469793457,9.31322596819939e-09,-0.029236484668587415,positive,neutral,neutral,neutral,0.07226114204843911,neutral
0.8206367203437741,-0.07569032469793457,0.2500000279396779,0.1929418494017383,positive,neutral,neutral,neutral,0.29697206824681394,neutral
0.7888489506690146,-0.07569032469793457,9.31322596819939e-09,0.8923492010114376,positive,neutral,neutral,positive,0.4013769590739359,positive
0.9768191672688866,0.7980929382511255,0.2500000279396779,-0.06329047619638783,positive,positive,neutral,neutral,0.4904054143158255,positive
0.7742173676366164,0.4201188554270181,0.2500000279396779,0.4977074336767393,positive,positive,neutral,positive,0.48551092117001293,positive
0.9807502907961576,0.9626338641709498,0.12500001396983884,0.8947152241185083,positive,positive,neutral,positive,0.7407748482638636,positive
0.48839489960846083,0.7650835857670668,-0.12499999534338702,0.5947922670826158,positive,positive,neutral,positive,0.4308176892786891,positive
0.8238451800209141,0.8042700869741615,0.5000000186264519,0.013629753245545162,positive,positive,positive,neutral,0.5354362597167681,positive
0.8106778041507547,0.6382165613325139,-0.12499999534338702,0.6018971835261142,positive,positive,neutral,positive,0.48144788841649894,positive
0.9188707564475984,0.920690004916241,0.2500000279396779,0.9168906567207651,positive,positive,neutral,positive,0.7516128615060707,positive
0.9086989218778354,0.9432517340889244,0.12500001396983884,0.776223547587348,positive,positive,neutral,positive,0.6882935543809867,positive
0.8782778154784319,-0.07569032469793457,0.12500001396983884,0.8487934578827703,positive,neutral,neutral,positive,0.4440952406582766,positive
0.8414880372386899,-0.07569032469793457,0.3750000232830648,0.858902549230701,positive,neutral,positive,positive,0.4999250712636303,positive
0.976456262055323,-0.07569032469793457,0.8750000419095167,0.9563656861430629,positive,neutral,positive,positive,0.683032916352492,positive
0.7179618152392919,-0.07569032469793457,0.2500000279396779,0.9454636980340323,positive,neutral,neutral,positive,0.4594338041287669,positive
0.4460514129704001,-0.07569032469793457,0.12500001396983884,1.0,positive,neutral,neutral,positive,0.3738402755605761,positive
0.8957371223714281,0.4510454277354754,0.3750000232830648,0.9462110614319088,positive,positive,positive,positive,0.6669984087054692,positive
0.8055352484799412,0.42614367177865264,0.5000000186264519,0.535518954738851,positive,positive,positive,positive,0.5667994734059743,positive
0.8751501179441943,-0.07569032469793457,0.5000000186264519,0.7776044409750431,positive,neutral,positive,positive,0.5192660632119387,positive
0.8237602224420166,0.6613063502184533,0.3750000232830648,0.6451810958998943,positive,positive,positive,positive,0.6263119229608572,positive
0.9987633952404875,-0.07569032469793457,0.750000009313226,0.9329959442354936,positive,neutral,positive,positive,0.6515172560228182,positive
0.5172280334837747,-0.07569032469793457,0.2500000279396779,0.8875913069106571,positive,neutral,neutral,positive,0.3947822609090438,positive
0.8875843413742361,-0.07569032469793457,0.6250000512227427,0.8246393781169641,positive,neutral,positive,positive,0.565383361504002,positive
0.6261740665417126,-0.07569032469793457,0.2500000279396779,0.6176032838113772,positive,neutral,neutral,positive,0.3545217633987083,positive
0.9284143244771175,-0.07569032469793457,0.750000009313226,0.7236343960224041,positive,neutral,positive,positive,0.5815896012787032,positive
0.9305875603225031,0.40880349317896014,0.6250000512227427,0.2536049563921736,positive,positive,positive,neutral,0.554499015279095,positive
0.6650877842538996,0.4494996223991905,-0.12499999534338702,0.3539491911858186,positive,positive,neutral,positive,0.33588415062388044,positive
-0.9269994136878197,-0.07569032469793457,-0.25,0.8640760636544433,negative,neutral,neutral,positive,-0.09715341868282773,neutral
0.9105543534466032,0.7133797307502734,0.6250000512227427,-0.1944948623259819,positive,positive,positive,neutral,0.5136098182734093,positive
0.7701362572725261,0.6415509476843615,9.31322596819939e-09,-0.3616271261759044,positive,positive,neutral,negative,0.26251502202355226,neutral
0.9147046885046102,-0.07569032469793457,0.2500000279396779,0.6085202337384996,positive,neutral,neutral,positive,0.4243836563712133,positive
0.5338283248568045,0.5503461071585232,0.2500000279396779,0.5928855147031018,positive,positive,neutral,positive,0.48176499366452685,positive
0.8078175656611954,0.9289808137442825,0.2500000279396779,0.7340293547259105,positive,positive,neutral,positive,0.6802069405177666,positive
0.8139449999318242,0.9218686104225584,0.3750000232830648,0.764288671080978,positive,positive,positive,positive,0.7187755761796064,positive
0.9779162737815668,-0.5488875796143367,-0.25,-0.1932502266718461,positive,negative,neutral,neutral,-0.003555383126153999,neutral
0.5170214082610232,0.4540122266431774,-0.25,0.9777393207252418,positive,positive,neutral,positive,0.4246932389073606,positive
0.8997091513996498,-0.649314342822775,9.31322596819939e-09,-0.5186787998244249,positive,negative,neutral,negative,-0.06707099548358103,neutral
0.41751615505072803,0.5924558652808178,0.3750000232830648,0.6777306034826769,positive,positive,positive,positive,0.5156756617743219,positive
0.9971429080874372,-0.07569032469793457,-0.12499999534338702,0.8672984905818453,positive,neutral,neutral,positive,0.41593776965699025,positive
0.835260961363181,-0.07569032469793457,0.5000000186264519,0.9265389367386239,positive,neutral,positive,positive,0.5465273980075805,positive
0.5669429011649676,-0.07569032469793457,-0.12499999534338702,0.9279465339032476,positive,neutral,neutral,positive,0.3235497787567234,neutral
0.791184759659205,-0.07569032469793457,9.31322596819939e-09,0.9766451505834091,positive,neutral,neutral,positive,0.42303489871447636,positive
-0.47445975895122494,-0.07569032469793457,-0.12499999534338702,0.971194670063066,negative,neutral,neutral,positive,0.07401114776762988,neutral
0.7224152705479345,-0.07569032469793457,-0.12499999534338702,-0.2586090901282877,positive,neutral,neutral,neutral,0.06577896509458131,neutral
0.7499341840978291,-0.07569032469793457,-0.25,0.9872617848710341,positive,neutral,neutral,positive,0.35287641106773215,positive
0.9850076094720359,-0.07569032469793457,0.12500001396983884,0.9575481841624245,positive,neutral,neutral,positive,0.49796637072659117,positive
-0.8630840440227099,-0.7389965056581993,-1.0,0.8986971680858531,negative,negative,negative,positive,-0.425845845398764,negative
0.6235907268278205,-0.07569032469793457,0.2500000279396779,-0.04680414632625629,positive,neutral,neutral,neutral,0.18777407093582688,neutral
0.4564886088668443,0.44019985386945715,-0.12499999534338702,0.9911252736227727,positive,positive,neutral,positive,0.44070343525392175,positive
0.9469434675488271,-0.07569032469793457,9.31322596819939e-09,0.930660733178726,positive,neutral,neutral,positive,0.4504784713357111,positive
0.9052764949649523,-0.07569032469793457,0.2500000279396779,0.9606689313238319,positive,neutral,neutral,positive,0.510063782382632,positive
-0.6814709618141903,-0.07569032469793457,9.31322596819939e-09,0.978350084033446,negative,neutral,neutral,positive,0.05529720170863678,neutral
0.663049851219351,-0.5850165801964053,0.2500000279396779,0.9435735499260693,positive,negative,neutral,positive,0.3179017122221732,neutral
-0.654142940602066,-0.07569032469793457,0.2500000279396779,0.8797734338587857,negative,neutral,neutral,positive,0.09998504912461575,neutral
0.8155875131238484,-0.07569032469793457,0.12500001396983884,0.88233477112916,positive,neutral,neutral,positive,0.43680799338122817,positive
0.647651552258875,0.39491062586123027,0.12500001396983884,0.8938269811795267,positive,positive,neutral,positive,0.5153472933173677,positive
-0.5043858039032239,-0.07569032469793457,-0.5000000186264519,0.3060385071030953,negative,neutral,negative,neutral,-0.19350941003112876,neutral
0.6502736997557208,-0.07569032469793457,0.12500001396983884,0.9576062135238266,positive,neutral,neutral,positive,0.4142974006378629,positive
0.8223673376916922,-0.07569032469793457,0.6250000512227427,0.9847428997588559,positive,neutral,positive,positive,0.5891049909938391,positive
-0.752775543125411,-0.07569032469793457,-0.12499999534338702,0.8846657027344951,negative,neutral,neutral,positive,-0.017200040108059367,neutral
0.82578556916858,-0.07569032469793457,9.31322596819939e-09,0.9962354521653387,positive,neutral,neutral,positive,0.43658267648730253,positive
0.9538197871445546,-0.07569032469793457,-0.12499999534338702,0.9696484186720842,positive,neutral,neutral,positive,0.43069447144382933,positive
0.5259041951213372,-0.07569032469793457,-0.12499999534338702,0.9758048375004551,positive,neutral,neutral,positive,0.32525467814511766,neutral
0.5849769827892726,-0.07569032469793457,-0.12499999534338702,0.8742044981228398,positive,neutral,neutral,positive,0.3146227902176977,neutral
0.9941022658500951,-0.07569032469793457,0.12500001396983884,0.9969078395741491,positive,neutral,neutral,positive,0.510079948674037,positive
0.661063312275741,-0.07569032469793457,0.2500000279396779,0.801049672405852,positive,neutral,neutral,positive,0.4091056719808341,positive
0.8080011159859748,-0.07569032469793457,0.2500000279396779,0.9363340875295871,positive,neutral,neutral,positive,0.4796612266893263,positive
0.918199486688406,-0.07569032469793457,9.31322596819939e-09,0.7340877264434258,positive,neutral,neutral,positive,0.3941492244367808,positive
0.760616812999978,0.4943004565448983,0.2500000279396779,0.9911887806820068,positive,positive,neutral,positive,0.6240265195416402,positive
-0.9395269855687491,-0.07569032469793457,-0.12499999534338702,0.9516589742813952,negative,neutral,neutral,positive,-0.0471395828321689,neutral
-0.6123050040013971,-0.07569032469793457,-0.25,0.9613972939573587,negative,neutral,neutral,positive,0.005850491314506767,neutral
0.9519968702047477,0.940089706840938,9.31322596819939e-09,0.9123143825387066,positive,positive,neutral,positive,0.7011002422244046,positive
-0.5032331078636106,-0.7544253587530714,-0.12499999534338702,0.6996508096015972,negative,negative,neutral,positive,-0.17075191308961796,neutral
0.4648616502537717,0.540026008911251,9.31322596819939e-09,-0.03155902854912074,positive,positive,neutral,neutral,0.24333215998228197,neutral
0.4514131801719501,-0.07569032469793457,-0.375000004656613,0.030703052673927145,positive,neutral,negative,neutral,0.007856475872832419,neutral
0.7613279394011225,0.8517134161664843,9.31322596819939e-09,0.9116151201749125,positive,positive,neutral,positive,0.6311641212639363,positive
0.3828157039364728,-0.07569032469793457,0.12500001396983884,0.051521385638441775,positive,neutral,neutral,neutral,0.12091169471170471,neutral
0.3597418548232305,0.41814641608702185,9.31322596819939e-09,-0.4091203069770344,positive,positive,neutral,negative,0.09219199331161099,neutral
0.7636721392633026,0.7998592960538948,9.31322596819939e-09,0.5909462384927147,positive,positive,neutral,positive,0.5386194207807845,positive
0.7479812086421784,-0.07569032469793457,0.3750000232830648,0.24242069566676827,positive,neutral,positive,neutral,0.32242790072351923,neutral
0.6082438219582826,0.4790293624199009,-0.12499999534338702,0.8090263986948334,positive,positive,neutral,positive,0.44282489693240745,positive
0.9504980506955509,0.9152709003179083,0.5000000186264519,0.9260822336819265,positive,positive,positive,positive,0.8229628008304595,positive
0.7622026878060704,-0.07569032469793457,-0.12499999534338702,-0.3434487012100279,positive,neutral,neutral,negative,0.05451591663868022,neutral
0.3566791865469148,-0.07569032469793457,-0.12499999534338702,0.3996776973949392,positive,neutral,neutral,positive,0.1389166409751331,neutral
0.28214621723757816,-0.07569032469793457,0.2500000279396779,-0.48984907701433644,neutral,neutral,neutral,negative,-0.008348289133753739,neutral
0.6678221596636098,0.514003918779327,9.31322596819939e-09,-0.04296684781727289,positive,positive,neutral,neutral,0.2847148099847225,neutral
0.5633138490293335,-0.07569032469793457,-0.12499999534338702,0.5907077874589901,positive,neutral,neutral,positive,0.2383328291117505,neutral
0.5556949372624993,0.5541027345534146,0.12500001396983884,-0.6971194284912458,positive,positive,neutral,negative,0.13441956432362676,neutral
0.7972566044029001,0.5333244182072725,-0.12499999534338702,0.987824104789043,positive,positive,neutral,positive,0.5483512830139572,positive
0.9691656431550939,-0.07569032469793457,0.12500001396983884,0.9013891142138934,positive,neutral,neutral,positive,0.4799661116602229,positive
0.8720685702059014,-0.07569032469793457,0.3750000232830648,-0.055904827739029495,positive,neutral,positive,neutral,0.27886836026300055,neutral
0.8425159190574536,-0.07569032469793457,9.31322596819939e-09,-0.2984954604221145,positive,neutral,neutral,neutral,0.11708253581265762,neutral
0.9771474601354917,0.8627354836875816,0.5000000186264519,-0.40338960797699974,positive,positive,positive,negative,0.4841233386181314,positive
0.7125874617297574,0.5143253801364542,0.2500000279396779,0.24366841252593718,positive,positive,neutral,neutral,0.4301453205829567,positive
0.9143963239589814,0.8650908858340587,0.5000000186264519,0.9490348146640184,positive,positive,positive,positive,0.8071305107708775,positive
0.5186481885680663,-0.07569032469793457,0.2500000279396779,-0.678707345477248,positive,neutral,neutral,negative,0.003562636583140405,neutral
0.9868840182207785,0.5893300153559826,1.0,0.7541713631863007,positive,positive,positive,positive,0.8325963491907655,positive
0.8163647176419131,-0.07569032469793457,0.12500001396983884,0.7160397391571638,positive,neutral,neutral,positive,0.3954285365177453,positive
0.7902649103173114,-0.07569032469793457,9.31322596819939e-09,-0.2806771940886573,positive,neutral,neutral,neutral,0.10847435021098636,neutral
0.8542222343423707,-0.07569032469793457,-0.12499999534338702,0.6935077426616918,positive,neutral,neutral,positive,0.3367599142406852,positive
0.5085078197682651,0.7373322195886003,-0.12499999534338702,-0.3933707274652347,positive,positive,neutral,negative,0.18186732913706094,neutral
0.9024949209002984,0.7193115196995221,0.2500000279396779,0.3957132135894319,positive,positive,neutral,positive,0.5668799205322326,positive
0.7752022462364316,-0.07569032469793457,-0.12499999534338702,-0.18855618198641277,positive,neutral,neutral,neutral,0.09648893605217432,neutral
-0.04873103794037659,-0.07569032469793457,-0.12499999534338702,0.9939784694807281,neutral,neutral,neutral,positive,0.18613927787475748,neutral
0.7648258841619144,-0.07569032469793457,-0.12499999534338702,0.6619467883594279,positive,neutral,neutral,positive,0.30652058812000516,neutral
0.8563073660318623,-0.07569032469793457,0.8750000419095167,0.2509386869727197,positive,neutral,positive,neutral,0.47663894255404105,positive
0.5161540018690669,-0.07569032469793457,-0.12499999534338702,-0.6794114008266452,positive,neutral,neutral,negative,-0.09098692974972497,neutral
0.457783949730286,-0.07569032469793457,0.2500000279396779,0.10127445915115807,positive,neutral,neutral,neutral,0.18334202803079686,neutral
0.36793134588537857,-0.07569032469793457,-0.12499999534338702,0.06317056596729387,positive,neutral,neutral,neutral,0.05760289795283771,neutral
0.6630131411543951,-0.07569032469793457,-0.12499999534338702,-0.0266513536482601,positive,neutral,neutral,neutral,0.10891786686620336,neutral
-0.8554315687679158,-0.6339469911772566,0.5000000186264519,0.06644674280466845,negative,negative,positive,neutral,-0.23073294962851298,neutral
0.4570875073551237,-0.07569032469793457,-0.12499999534338702,-0.3370435606644996,positive,neutral,neutral,negative,-0.020161593337674366,neutral
0.9949707211010501,0.9090220429721996,0.750000009313226,0.12030107139062185,positive,positive,positive,neutral,0.6935734611942743,positive
0.5662496053668016,0.8833935104342514,0.2500000279396779,0.16230594132075882,positive,positive,neutral,neutral,0.4654872712653724,positive
0.902148797430715,0.9185180734800213,0.3750000232830648,0.8899912232730582,positive,positive,positive,positive,0.7714145293667147,positive
0.697559409995836,-0.07569032469793457,-0.375000004656613,0.5908291527015657,positive,neutral,negative,positive,0.20942455833571352,neutral
0.6350421693760442,0.5979287190449714,0.3750000232830648,-0.3988467135161037,positive,positive,positive,negative,0.3022810495469942,neutral
0.7712973441841293,0.7469773523496861,0.5000000186264519,0.16922512957215785,positive,positive,positive,neutral,0.5468749611831063,positive
0.5895353239977892,-0.07569032469793457,0.12500001396983884,0.7680511647789505,positive,neutral,neutral,positive,0.351724044512161,positive
0.5717099653142328,-0.07569032469793457,0.2500000279396779,0.9871506903118907,positive,neutral,neutral,positive,0.4332925897169667,positive
0.38211191954831936,-0.07569032469793457,0.12500001396983884,0.26683154251842356,positive,neutral,neutral,neutral,0.1745632878346618,neutral
0.9895942698735183,0.9205644179230217,0.6250000512227427,0.6699728139288943,positive,positive,positive,positive,0.8012828882370442,positive
0.5031806649136736,-0.07569032469793457,0.12500001396983884,0.8472833250618657,positive,neutral,neutral,positive,0.3499434198118609,positive
-0.680113738269823,0.5891137266454394,0.2500000279396779,0.7187316852852044,negative,positive,neutral,positive,0.21943292540012466,neutral
0.5525598977152704,0.894789367226319,0.12500001396983884,0.7074366723567662,positive,positive,neutral,positive,0.5699464878170486,positive
0.7199504519008997,-0.07569032469793457,0.3750000232830648,0.8436928653114111,positive,neutral,positive,positive,0.46573825394936025,positive
-0.04873103794037659,-0.07569032469793457,-0.12499999534338702,0.6487484466126217,neutral,neutral,neutral,positive,0.09983177215773087,neutral
-0.39470661840516796,-0.5901363820480378,0.12500001396983884,-0.18742846094536214,negative,negative,neutral,neutral,-0.26181786185718225,neutral
-0.6995323137724625,-1.0,-0.12499999534338702,-0.21918746825984392,negative,negative,neutral,neutral,-0.5109299443439234,negative
0.5795250137138315,0.8559791101799761,-0.25,0.5094257699407123,positive,positive,neutral,positive,0.42373247345862997,positive
0.7189655733010847,0.4666310061624208,0.5000000186264519,-0.05441181272384632,positive,positive,positive,neutral,0.40779619634152775,positive
0.5405546576157128,0.7594112399066899,0.12500001396983884,0.11969920934138978,positive,positive,neutral,neutral,0.3861662802084078,positive
0.6599829875070407,0.8010655513714768,0.2500000279396779,0.7198518744917344,positive,positive,neutral,positive,0.6077251103274824,positive
-0.3901640100816326,0.8825597523403841,-0.12499999534338702,0.925272561471215,negative,positive,neutral,positive,0.32316707709664483,neutral
0.6129741760425922,0.46821014631789093,0.750000009313226,-0.4097252502312938,positive,positive,positive,negative,0.3553647703606038,positive
0.7967143443005527,0.7401473321485266,0.3750000232830648,0.7478615688186483,positive,positive,positive,positive,0.6649308171376981,positive
-0.4244092563904357,0.8955547760203793,-0.12499999534338702,0.4933738899798379,negative,positive,neutral,positive,0.2098798535665986,neutral
0.753477229795567,0.7706977895009535,-0.25,0.898210680047197,positive,positive,neutral,positive,0.5430964248359293,positive
0.8159011219644707,0.9817503493372786,0.5000000186264519,0.9189584876521331,positive,positive,positive,positive,0.8041524943950835,positive
0.7537352491092566,0.8584195290358563,0.3750000232830648,-0.10184884712220532,positive,positive,positive,neutral,0.47132648857649306,positive
0.6829981005163532,0.6961694028997418,0.12500001396983884,0.8826654871357331,positive,positive,neutral,positive,0.5967082511304167,positive
-0.4342622378245825,-0.07569032469793457,-0.12499999534338702,-0.4479900507889599,negative,neutral,neutral,negative,-0.270735652163716,neutral
-1.0,-0.6982762151542943,9.31322596819939e-09,0.36146527732278844,negative,negative,neutral,positive,-0.33420273212956997,negative
0.8608604629453851,-0.07569032469793457,0.2500000279396779,0.13209900545120634,positive,neutral,neutral,neutral,0.2918172929095837,neutral
0.9381382962544196,0.938725434144029,0.8750000419095167,0.8644600160368157,positive,positive,positive,positive,0.9040809470861952,positive
0.5950093191122039,-0.07569032469793457,9.31322596819939e-09,0.4599981059147955,positive,neutral,neutral,positive,0.2448292774105727,neutral
0.9471815585415406,0.5691084421721648,0.750000009313226,0.2555517644370815,positive,positive,positive,neutral,0.6304604436160033,positive
0.3567148477528721,-0.07569032469793457,0.2500000279396779,0.1448623837545855,positive,neutral,neutral,neutral,0.16897173368730023,neutral
0.44779461662630315,0.7368660489388741,0.3750000232830648,0.11847614212246338,positive,positive,positive,neutral,0.41953420774267636,positive
0.5226380481992665,0.8784808883600115,0.2500000279396779,0.5862537344097964,positive,positive,neutral,positive,0.5593431747271881,positive
-0.5534157666582408,-0.07569032469793457,-0.12499999534338702,0.5436952746425683,negative,neutral,neutral,positive,-0.05260270301424852,neutral
0.6745159777935572,0.7879816348403135,0.12500001396983884,0.7883960192371591,positive,positive,neutral,positive,0.5939734114602171,positive
-0.383475436246679,0.6908479770739142,-0.12499999534338702,-0.24933740183633823,negative,positive,neutral,neutral,-0.016741214088122514,neutral
0.6122305350124868,0.8375709253190236,0.3750000232830648,0.2128926519722001,positive,positive,positive,neutral,0.5094235338966938,positive
0.6454237757455552,0.4738530335008482,0.12500001396983884,0.33445954230154173,positive,positive,neutral,positive,0.394684091379446,positive
0.5634837641871289,-0.5396493771363188,0.12500001396983884,0.6856489580541432,positive,negative,neutral,positive,0.20862083976869802,neutral
-0.4236719085143227,-0.07569032469793457,9.31322596819939e-09,0.10041548765996455,negative,neutral,neutral,neutral,-0.09973668405976668,neutral
0.6070040706217741,0.8888940140096693,-0.12499999534338702,0.14287877242737457,positive,positive,neutral,neutral,0.37844421542885776,positive
0.7395106233683686,0.8390850754975525,0.3750000232830648,0.8115779788159427,positive,positive,positive,positive,0.6912934252412322,positive
0.6214762270863641,0.5209843332810065,0.2500000279396779,-0.7670478045964814,positive,positive,neutral,negative,0.15635319592764177,neutral
0.6885937632746217,0.822009378971027,-0.625000013969839,0.3760368094447144,positive,positive,negative,positive,0.315409984430131,neutral
-0.3667283046138259,-0.631458637368203,9.31322596819939e-09,0.31616522979092143,negative,negative,neutral,neutral,-0.17050542571947036,neutral
0.3121351937295014,-0.07569032469793457,-0.12499999534338702,-0.09924334591306827,neutral,neutral,neutral,neutral,0.00305038194377788,neutral
0.42466412912712914,-0.07569032469793457,9.31322596819939e-09,0.29133842026018897,positive,neutral,neutral,neutral,0.16007805850065238,neutral
0.4126179835266206,0.7957547203331419,9.31322596819939e-09,-0.7885339887512914,positive,positive,neutral,negative,0.10495968110542425,neutral
-0.474479687272201,-0.7627004046045991,0.12500001396983884,0.5005905856947086,negative,negative,neutral,positive,-0.15289737305306317,neutral
0.3061902609246532,0.6562731801352915,0.12500001396983884,-0.06337452462248683,neutral,positive,neutral,neutral,0.25602223260182416,neutral
0.5537849650257969,0.7785686829710108,0.3750000232830648,0.43674236859334514,positive,positive,positive,positive,0.5360240099683045,positive
0.80306728325591,0.513167318181496,9.31322596819939e-09,-1.0,positive,positive,neutral,negative,0.079058652687658,neutral
0.7848779704997919,0.4738867559342115,0.2500000279396779,0.44086861566293756,positive,positive,neutral,positive,0.4874083425091547,positive
-0.04873103794037659,-0.07569032469793457,0.6250000512227427,0.9788362297159865,neutral,neutral,positive,positive,0.36985372957510454,positive
0.8898802937224741,0.6925689840180218,-0.12499999534338702,0.7045030228119151,positive,positive,neutral,positive,0.5404880763022559,positive
0.1878537932510118,-0.07569032469793457,-0.625000013969839,0.8192450439993924,neutral,neutral,negative,positive,0.07660212464565766,neutral
0.3318296191488088,0.8538206160352126,-0.25,0.9062490304367843,neutral,positive,neutral,positive,0.46047481640520144,positive
0.9182603205103328,0.6180275477395316,-0.12499999534338702,0.2295833684426647,positive,positive,neutral,neutral,0.41021781033728555,positive
0.9198084363924706,0.8869467695911519,-0.750000009313226,-0.35726328396287343,positive,positive,negative,negative,0.17487297817688077,neutral
0.8477602140511447,0.6054514057797149,0.8750000419095167,0.5669513543201312,positive,positive,positive,positive,0.7237907540151269,positive
0.47561979700382917,-0.07569032469793457,0.12500001396983884,-0.023454089895271646,positive,neutral,neutral,neutral,0.12536884909511545,neutral
0.7968139859054328,-0.5115958657071924,9.31322596819939e-09,-0.5633294833961783,positive,negative,neutral,negative,-0.06952783847117797,neutral
0.5745754480987859,0.5190920008708415,0.8750000419095167,0.9723492660591,positive,positive,positive,positive,0.735254189234561,positive
0.8446031484649423,0.9500445433291289,9.31322596819939e-09,0.38105643479500184,positive,positive,neutral,positive,0.5439260339755747,positive
0.5823422489844423,0.6928872152570116,0.5000000186264519,0.7959913608146276,positive,positive,positive,positive,0.6428052109206334,positive
0.5507978145973902,0.6575147083429447,0.2500000279396779,0.2683517748447082,positive,positive,neutral,neutral,0.43166608143118024,positive
0.5704985331706902,0.9231327494571788,0.2500000279396779,0.9247528648894572,positive,positive,neutral,positive,0.667096043864251,positive
0.7457230152178953,0.9373336408405819,-0.12499999534338702,0.937928097598536,positive,positive,neutral,positive,0.6239961895784065,positive
0.8996745390526917,0.8753780368763213,0.3750000232830648,0.872158235626681,positive,positive,positive,positive,0.7555527087096897,positive
0.8231088810037999,0.9148923304720966,0.6250000512227427,0.9522890807100679,positive,positive,positive,positive,0.8288225858521768,positive
-0.7070557793704119,0.7508447081943588,-0.12499999534338702,0.5330591260564195,negative,positive,neutral,positive,0.11296201488424484,neutral
0.7193830191825823,-0.07569032469793457,0.12500001396983884,0.2521371045514036,positive,neutral,neutral,neutral,0.25520745325147254,neutral
0.9512070793786978,0.7961884605967582,0.3750000232830648,0.16579027067572838,positive,positive,positive,neutral,0.5720464584835623,positive
0.4055077683741741,-0.07569032469793457,0.12500001396983884,0.8331500087664554,positive,neutral,neutral,positive,0.32199186660313345,neutral
0.6644825926116278,-0.07569032469793457,0.12500001396983884,-0.34978091990317894,positive,neutral,neutral,negative,0.09100284049508828,neutral
0.7814817650618773,0.8808001131833394,0.2500000279396779,-0.34370872067896496,positive,positive,neutral,negative,0.3921432963764824,positive
0.6215800641272391,0.9290421859889102,1.0,0.24470763451139543,positive,positive,positive,neutral,0.6988324711568862,positive
0.6432683705031483,0.5851245307445889,0.2500000279396779,0.5252748039037662,positive,positive,neutral,positive,0.5009169332727954,positive
-0.04873103794037659,-0.07569032469793457,-0.12499999534338702,0.7344028652467922,neutral,neutral,neutral,positive,0.12124537681627351,neutral
0.9101253701161194,0.8175612478850813,0.12500001396983884,0.8867580121280503,positive,positive,neutral,positive,0.6848611610247725,positive
0.5596365493797575,-0.07569032469793457,-0.12499999534338702,-0.4172774549383411,positive,neutral,neutral,negative,-0.014582806399976306,neutral
0.5655814821846057,0.8623281011879735,0.3750000232830648,0.022263118562072304,positive,positive,positive,neutral,0.4562931813044291,positive
0.7729482482481433,0.9341679958602822,0.12500001396983884,0.9461350583744983,positive,positive,neutral,positive,0.6945628291131907,positive
0.9575872886680226,0.8921719378964583,0.12500001396983884,0.9244923318863494,positive,positive,neutral,positive,0.7248128931051673,positive
-0.04873103794037659,-0.07569032469793457,-0.12499999534338702,0.9980049197429517,neutral,neutral,neutral,positive,0.18714589044031338,neutral
0.6748128048902002,0.7545930664868155,-0.12499999534338702,-0.16955969708502328,positive,positive,neutral,neutral,0.2837115447371514,neutral
0.7655936489489907,0.8840906991332309,0.2500000279396779,0.831759871763669,positive,positive,neutral,positive,0.6828610619463922,positive
0.7157812373809151,0.6590862254196099,0.3750000232830648,0.7849383936591179,positive,positive,positive,positive,0.6337014699356769,positive
0.687562734878862,0.6173605929463262,9.31322596819939e-09,-0.29984246055447916,positive,positive,neutral,neutral,0.25127021914598374,neutral
0.8739187574796758,0.7827492310703779,0.12500001396983884,0.23070116115639272,positive,positive,neutral,neutral,0.5030922909190714,positive
0.5955526280735504,-0.07569032469793457,9.31322596819939e-09,-0.3195816870461998,positive,neutral,neutral,neutral,0.05007015641066048,neutral
0.9881426490192642,0.8042804233522043,-0.12499999534338702,-0.09101344727743654,positive,positive,neutral,neutral,0.39410240743766123,positive
0.34829146113400533,0.4638189945159059,-0.12499999534338702,-0.7798294989519845,positive,positive,neutral,negative,-0.023179759661365068,neutral
0.5220622246089592,-0.07569032469793457,9.31322596819939e-09,-0.10810386451154064,positive,neutral,neutral,neutral,0.0845670111781775,neutral
0.89881132809673,0.8663145837895885,0.3750000232830648,0.9460465593189087,positive,positive,positive,positive,0.7715431236220729,positive
0.7380485139241277,0.7734875779346753,9.31322596819939e-09,-0.4457014001637599,positive,positive,neutral,negative,0.26645867525206723,neutral
0.9881426490192642,0.8042804233522043,-0.12499999534338702,0.1766773662937806,positive,positive,neutral,neutral,0.46102511083046555,positive
0.8349809160105182,0.6195621122646939,9.31322596819939e-09,-0.9486407627762717,positive,positive,neutral,negative,0.12647556870304158,neutral
0.8299243667776011,0.8690317591675618,0.2500000279396779,-0.1514254360579128,positive,positive,neutral,neutral,0.449382679456732,positive
0.5674432069073658,-0.07569032469793457,0.12500001396983884,0.48561866809691434,positive,neutral,neutral,positive,0.2755928910690461,neutral
0.9834353698329272,-0.07569032469793457,0.2500000279396779,0.7636785924849996,positive,neutral,neutral,positive,0.48035591638991754,positive
0.630395724011634,-0.07569032469793457,9.31322596819939e-09,0.71897801050956,positive,neutral,neutral,positive,0.31842085478412135,neutral
0.7506243333189988,-0.5838590996627109,0.2500000279396779,-0.4179328957194851,positive,negative,neutral,negative,-0.0002919085308798197,neutral
0.9881426490192642,0.7867724078140439,-0.12499999534338702,-0.6764873372529985,positive,positive,neutral,negative,0.24335693105923067,neutral
0.6551718712798282,0.471096321476862,-0.12499999534338702,-0.892130264276239,positive,positive,neutral,negative,0.027284483284266026,neutral
0.8166678378925485,-0.07569032469793457,0.2500000279396779,0.733110128558571,positive,neutral,neutral,positive,0.4310219174232157,positive
0.45098734341846236,-0.07569032469793457,-0.12499999534338702,0.9357246936458403,positive,neutral,neutral,positive,0.2965054292557453,neutral
0.9881426490192642,0.8042804233522043,-0.12499999534338702,0.26104572418396144,positive,positive,neutral,neutral,0.48211720030301075,positive
0.32251050694502004,0.5907489416517924,0.12500001396983884,-0.4458166029962749,neutral,positive,neutral,negative,0.1481107148925941,neutral
0.667317658485217,-0.07569032469793457,0.2500000279396779,0.9327900170326424,positive,neutral,neutral,positive,0.4436043446899007,positive
0.5305632267937324,-0.07569032469793457,-0.12499999534338702,0.3150671225537749,positive,neutral,neutral,neutral,0.16123500732654641,neutral
0.5738202696196941,0.6480843138356942,0.12500001396983884,0.7030433875178921,positive,positive,neutral,positive,0.5124869962357799,positive
0.45998760248663495,-0.07569032469793457,-0.12499999534338702,0.32547252311877184,positive,neutral,neutral,neutral,0.1461924513910213,neutral
-0.37116602703748725,-0.07569032469793457,-0.12499999534338702,-0.5145947481459396,negative,neutral,neutral,negative,-0.2716127738061871,neutral
0.8083535326095506,0.9035949276808861,0.5000000186264519,0.7008120815418657,positive,positive,positive,positive,0.7281901401146886,positive
0.9881426490192642,0.7867724078140439,-0.12499999534338702,-0.072088685982028,positive,positive,neutral,neutral,0.3944565938769733,positive
0.8543890029231702,-0.07569032469793457,9.31322596819939e-09,-0.595979643676614,positive,neutral,neutral,negative,0.04567976096546189,neutral
0.6629355255884888,-0.07569032469793457,0.2500000279396779,0.1027928085188119,positive,neutral,neutral,neutral,0.235009509337261,neutral
0.6422467818383772,0.5914404453428486,0.3750000232830648,-0.11199405704021026,positive,positive,positive,neutral,0.3741732983560201,positive
-0.3657864292329589,-0.07569032469793457,0.3750000232830648,-0.14385628472320167,negative,neutral,positive,neutral,-0.05258325384275758,neutral
0.5685413622790447,0.7488397092635268,0.5000000186264519,-0.4518524268833266,positive,positive,positive,negative,0.3413821658214242,positive
0.9881426490192642,0.8042804233522043,-0.12499999534338702,0.2797322056237035,positive,positive,neutral,neutral,0.48678882066294626,positive
0.3025790393919974,0.7012979260703491,9.31322596819939e-09,-0.7779903619050766,neutral,positive,neutral,negative,0.05647165321762396,neutral
0.7695583359642213,0.9147937472665137,9.31322596819939e-09,0.7142841370021844,positive,positive,neutral,positive,0.5996590573865364,positive
0.6651622532428099,-0.07569032469793457,0.12500001396983884,0.8270434027527398,positive,neutral,neutral,positive,0.3853788363168635,positive
-0.6245242113366973,-0.07569032469793457,-0.12499999534338702,0.8339011380815908,negative,neutral,neutral,positive,0.002171651675892977,neutral
0.35922896277284755,-0.07569032469793457,-0.375000004656613,0.9378597975537013,positive,neutral,negative,positive,0.21159960774300032,neutral
0.9881426490192642,0.7860341320123463,-0.12499999534338702,0.18222593184092029,positive,positive,neutral,neutral,0.45785067938228596,positive
0.4098573866419417,-0.07569032469793457,-0.12499999534338702,0.9916444566703597,positive,neutral,neutral,positive,0.30020288081774493,neutral
0.8681112252036622,0.8877089482670746,0.2500000279396779,0.8665230539825828,positive,positive,neutral,positive,0.7180858138482493,positive
0.9916206654590802,0.8215145248722324,-0.12499999534338702,0.05928311228754146,positive,positive,neutral,neutral,0.4368545768188668,positive
0.9643702598128625,0.9418757037619909,0.3750000232830648,0.7765706966874173,positive,positive,positive,positive,0.7644541708863339,positive
0.3819189294925516,0.6248675167045556,-0.25,0.09489653591672886,positive,positive,neutral,neutral,0.21292074552845902,neutral
0.9881426490192642,0.7867724078140439,-0.12499999534338702,0.2047767579226869,positive,positive,neutral,neutral,0.463672954853152,positive
0.38049982326725873,-0.07569032469793457,0.12500001396983884,-0.026872173342092465,positive,neutral,neutral,neutral,0.10073433479926763,neutral
0.8102561628332616,0.46735946240497794,-0.5000000186264519,-0.2916356709565747,positive,positive,negative,neutral,0.12149498391380323,neutral
0.352351594318121,-0.07569032469793457,-0.12499999534338702,0.5528654543465754,positive,neutral,neutral,positive,0.1761316821558437,neutral
0.47252566295755183,-0.07569032469793457,-0.25,0.7718704895919233,positive,neutral,neutral,positive,0.22967645696288513,neutral
0.34678320189381995,-0.07569032469793457,0.12500001396983884,0.5577286229525542,positive,neutral,neutral,positive,0.2384553785295696,neutral
0.29353472824587756,-0.07569032469793457,0.12500001396983884,0.983800906909905,neutral,neutral,neutral,positive,0.3316613311069217,neutral
0.9881426490192642,0.7920951256871274,-0.12499999534338702,0.021570189786394023,positive,positive,neutral,neutral,0.4192019922873496,positive
0.676139611523604,0.5749252389156887,-0.12499999534338702,-0.6013537787834308,positive,positive,neutral,negative,0.1311777690781187,neutral
0.9459344651920407,0.5857649985690578,-0.12499999534338702,0.8402306179258245,positive,positive,neutral,positive,0.5617325215858839,positive
0.9503071583577807,-0.07569032469793457,-0.12499999534338702,0.6712807854642093,positive,neutral,neutral,positive,0.35522440594516713,positive
0.7036490853425101,0.46722870722273946,-0.12499999534338702,0.04001599487766727,positive,positive,neutral,neutral,0.2714734480248825,neutral
0.2976462555209316,-0.07569032469793457,-0.375000004656613,-0.06743966112564692,neutral,neutral,negative,neutral,-0.05512093373981572,neutral
0.6436574971916802,0.6749868049674053,0.12500001396983884,-0.36859287485887116,positive,positive,neutral,negative,0.2687628603175133,neutral
0.9268850880569572,1.0,0.8750000419095167,0.947339809541301,positive,positive,positive,positive,0.9373062348769438,positive
0.9881426490192642,0.7867724078140439,-0.12499999534338702,-0.05915515668976201,positive,positive,neutral,neutral,0.39768997620003976,positive
0.6760829731376723,0.5963135307710759,-0.12499999534338702,-0.7652229609173532,positive,positive,neutral,negative,0.09554338691200195,neutral
-0.5339625788086431,-0.07569032469793457,0.5000000186264519,0.9733847221272991,negative,neutral,positive,positive,0.21593295931179335,neutral
0.8782138350795088,-0.07569032469793457,9.31322596819939e-09,-0.7320150169374268,positive,neutral,neutral,negative,0.017627125689343354,neutral
0.9881426490192642,0.7002016239741966,-0.12499999534338702,0.053859677900240044,positive,positive,neutral,neutral,0.4043009888875785,positive
0.9727663760977621,0.885265428497783,9.31322596819939e-09,0.9434381480827994,positive,positive,neutral,positive,0.7003674904978926,positive
0.8682286974115208,0.5553064057764847,0.2500000279396779,0.8562354239209606,positive,positive,neutral,positive,0.632442638762161,positive
0.7859278783575288,0.9496936232945794,0.5000000186264519,-0.31419351533868856,positive,positive,positive,neutral,0.48035700123496783,positive
0.9028913896018216,0.7858090573804659,1.0,0.6651657917256864,positive,positive,positive,positive,0.8384665596769935,positive
0.4928410129041123,-0.07569032469793457,9.31322596819939e-09,0.552443500435498,positive,neutral,neutral,positive,0.2423985494887254,neutral
-0.38963958058226356,0.8271720121891759,0.12500001396983884,-0.3262536941829569,negative,positive,neutral,neutral,0.05906968784844857,neutral
-0.5953040484908492,0.7025359657504129,-0.750000009313226,0.6993486803305837,negative,positive,negative,positive,0.014145147069230368,neutral
-0.04873103794037659,-0.07569032469793457,0.12500001396983884,0.5343037617105582,neutral,neutral,neutral,positive,0.13372060326052146,neutral
